ISSN|Área|Titulo|Estrato|Ano Base
1085-3375|MATEMÁTICA / PROBABILIDADE E ESTATÍSTICA|Abstract and Applied Analysis|B5|2008
1525-9293|MATEMÁTICA / PROBABILIDADE E ESTATÍSTICA|ACIS International Journal of Computer and Information Science|B5|2008
0360-0300|MATEMÁTICA / PROBABILIDADE E ESTATÍSTICA|ACM Computing Surveys|A2|2008
1084-4309|MATEMÁTICA / PROBABILIDADE E ESTATÍSTICA|ACM Transactions on Design Automation of Electronic Systems|B1|2008
0730-0301|MATEMÁTICA / PROBABILIDADE E ESTATÍSTICA|ACM Transactions on Graphics|A1|2008
0098-3500|MATEMÁTICA / PROBABILIDADE E ESTATÍSTICA|ACM Transactions on Mathematical Software|A1|2008
0167-8019|MATEMÁTICA / PROBABILIDADE E ESTATÍSTICA|Acta Applicandae Mathematicae|B2|2008
0065-1036|MATEMÁTICA / PROBABILIDADE E ESTATÍSTICA|Acta Arithmetica|A2|2008
0102-8650|MATEMÁTICA / PROBABILIDADE E ESTATÍSTICA|Acta Cirúrgica Brasileira (Impresso)|B3|2008
0001-5962|MATEMÁTICA / PROBABILIDADE E ESTATÍSTICA|Acta Mathematica|A1|2008
0236-5294|MATEMÁTICA / PROBABILIDADE E ESTATÍSTICA|Acta Mathematica Hungarica (Print)|B1|2008
1439-8516|MATEMÁTICA / PROBABILIDADE E ESTATÍSTICA|Acta Mathematica Sinica. English Series (Print)|B3|2008
0168-9673|MATEMÁTICA / PROBABILIDADE E ESTATÍSTICA|Acta Mathematicae Applicatae Sinica|B4|2008
0303-464X|MATEMÁTICA / PROBABILIDADE E ESTATÍSTICA|Acta Reumatológica Portuguesa|B3|2008
1536-1365|MATEMÁTICA / PROBABILIDADE E ESTATÍSTICA|Advanced Nonlinear Studies|B3|2008
0920-1971|MATEMÁTICA / PROBABILIDADE E ESTATÍSTICA|Advanced Studies in Pure Mathematics (Amsterdam)|B4|2008
0973-4686|MATEMÁTICA / PROBABILIDADE E ESTATÍSTICA|Advances and Applications in Fluid Mechanics|B5|2008
0972-3617|MATEMÁTICA / PROBABILIDADE E ESTATÍSTICA|Advances and Applications in Statistics|B3|2008
0188-7009|MATEMÁTICA / PROBABILIDADE E ESTATÍSTICA|Advances in Applied Clifford Algebras|B4|2008
0196-8858|MATEMÁTICA / PROBABILIDADE E ESTATÍSTICA|Advances in Applied Mathematics (Print)|B1|2008
0001-8678|MATEMÁTICA / PROBABILIDADE E ESTATÍSTICA|Advances in Applied Probability|B1|2008
0219-5259|MATEMÁTICA / PROBABILIDADE E ESTATÍSTICA|Advances in Complex Systems|B3|2008
1019-7168|MATEMÁTICA / PROBABILIDADE E ESTATÍSTICA|Advances in Computational Mathematics|B1|2008
1687-1839|MATEMÁTICA / PROBABILIDADE E ESTATÍSTICA|Advances in Difference Equations|B1|2008
1079-9389|MATEMÁTICA / PROBABILIDADE E ESTATÍSTICA|Advances in Differential Equations|B2|2008
0974-3243|MATEMÁTICA / PROBABILIDADE E ESTATÍSTICA|Advances in Differential Equations and Control Processes|B4|2008
0731-9053|MATEMÁTICA / PROBABILIDADE E ESTATÍSTICA|Advances in Econometrics|B3|2008
1615-715X|MATEMÁTICA / PROBABILIDADE E ESTATÍSTICA|Advances in Geometry (Print)|B3|2008
1680-7340|MATEMÁTICA / PROBABILIDADE E ESTATÍSTICA|Advances in Geosciences (Print)|B1|2008
1343-4373|MATEMÁTICA / PROBABILIDADE E ESTATÍSTICA|Advances in Mathematical Sciences and Applications|B4|2008
0001-8708|MATEMÁTICA / PROBABILIDADE E ESTATÍSTICA|Advances in Mathematics (New York. 1965)|A1|2008
1930-5346|MATEMÁTICA / PROBABILIDADE E ESTATÍSTICA|Advances in Mathematics of Communications|B5|2008
1930-5338|MATEMÁTICA / PROBABILIDADE E ESTATÍSTICA|Advances in Mathematics of Communications (Online)|B5|2008
0001-9054|MATEMÁTICA / PROBABILIDADE E ESTATÍSTICA|Aequationes Mathematicae (Print)|B3|2008
0094-243X|MATEMÁTICA / PROBABILIDADE E ESTATÍSTICA|AIP Conference Proceedings|B2|2008
1980-0436|MATEMÁTICA / PROBABILIDADE E ESTATÍSTICA|Alea (2006. Online)|B2|2008
1807-0299|MATEMÁTICA / PROBABILIDADE E ESTATÍSTICA|Alea : Estudos Neolatinos (Online)|B2|2008
1726-3255|MATEMÁTICA / PROBABILIDADE E ESTATÍSTICA|Algebra and Discrete Mathematics|B3|2008
0002-5232|MATEMÁTICA / PROBABILIDADE E ESTATÍSTICA|Algebra and Logic|B2|2008
1005-3867|MATEMÁTICA / PROBABILIDADE E ESTATÍSTICA|Algebra Colloquium|B4|2008
1472-2739|MATEMÁTICA / PROBABILIDADE E ESTATÍSTICA|Algebraic and Geometric Topology (Online)|B2|2008
1472-2747|MATEMÁTICA / PROBABILIDADE E ESTATÍSTICA|Algebraic and Geometric Topology (Print)|B2|2008
1386-923X|MATEMÁTICA / PROBABILIDADE E ESTATÍSTICA|Algebras and Representation Theory|B4|2008
0741-9937|MATEMÁTICA / PROBABILIDADE E ESTATÍSTICA|Algebras, Groups and Geometries|B4|2008
0271-3586|MATEMÁTICA / PROBABILIDADE E ESTATÍSTICA|American Journal of Industrial Medicine (Print)|B1|2008
0002-9327|MATEMÁTICA / PROBABILIDADE E ESTATÍSTICA|American Journal of Mathematics (Print)|A1|2008
0002-9505|MATEMÁTICA / PROBABILIDADE E ESTATÍSTICA|American Journal of Physics|B3|2008
0001-3765|MATEMÁTICA / PROBABILIDADE E ESTATÍSTICA|Anais da Academia Brasileira de Ciências (Impresso)|B2|2008
0174-4747|MATEMÁTICA / PROBABILIDADE E ESTATÍSTICA|Analysis (Wiesbaden)|B4|2008
0219-5305|MATEMÁTICA / PROBABILIDADE E ESTATÍSTICA|Analysis and Applications|B4|2008
0133-3852|MATEMÁTICA / PROBABILIDADE E ESTATÍSTICA|Analysis Mathematica (Print)|B4|2008
1239-629X|MATEMÁTICA / PROBABILIDADE E ESTATÍSTICA|Annales Academiae Scientiarum Fennicae. Mathematica (Painettu)|B3|2008
0294-1449|MATEMÁTICA / PROBABILIDADE E ESTATÍSTICA|Annales de l Institut Henri Poincaré. Analyse non Linéaire|A1|2008
1370-4788|MATEMÁTICA / PROBABILIDADE E ESTATÍSTICA|Annales de l'Économie Publique, Sociale et Coopérative (Ed. Multilingue)|B4|2008
0246-0203|MATEMÁTICA / PROBABILIDADE E ESTATÍSTICA|Annales de l'I.H.P. Probabilités et Statistiques|A2|2008
0373-0956|MATEMÁTICA / PROBABILIDADE E ESTATÍSTICA|Annales de l'Institut Fourier|A2|2008
|MATEMÁTICA / PROBABILIDADE E ESTATÍSTICA|Annales de l'Institut Henri Poincaré, Analyse non Linéaire.|A1|2008
1778-7017|MATEMÁTICA / PROBABILIDADE E ESTATÍSTICA|Annales de l'Institut Henri Poincaré. B, Probabilités et Statistiques|A2|2008
1626-1607|MATEMÁTICA / PROBABILIDADE E ESTATÍSTICA|Annales de l'ISUP|B5|2008
0240-2963|MATEMÁTICA / PROBABILIDADE E ESTATÍSTICA|Annales de la Faculté des Sciences de Toulouse|B2|2008
1424-0637|MATEMÁTICA / PROBABILIDADE E ESTATÍSTICA|Annales Henri Poincaré (Print)|A2|2008
0066-2216|MATEMÁTICA / PROBABILIDADE E ESTATÍSTICA|Annales Polonici Mathematici|B3|2008
0012-9593|MATEMÁTICA / PROBABILIDADE E ESTATÍSTICA|Annales Scientifiques de l'Ecole Normale Supérieure|A1|2008
0391-173X|MATEMÁTICA / PROBABILIDADE E ESTATÍSTICA|Annali della Scuola Normale Superiore di Pisa. Classe di Scienze (Testo Stampato)|A2|2008
0373-3114|MATEMÁTICA / PROBABILIDADE E ESTATÍSTICA|Annali di Matematica Pura ed Applicata|B1|2008
0218-0006|MATEMÁTICA / PROBABILIDADE E ESTATÍSTICA|Annals of Combinatorics (Print)|B1|2008
0232-704X|MATEMÁTICA / PROBABILIDADE E ESTATÍSTICA|Annals of Global Analysis and Geometry|B1|2008
0003-486X|MATEMÁTICA / PROBABILIDADE E ESTATÍSTICA|Annals of Mathematics|A1|2008
0306-4549|MATEMÁTICA / PROBABILIDADE E ESTATÍSTICA|Annals of Nuclear Energy|B1|2008
0254-5330|MATEMÁTICA / PROBABILIDADE E ESTATÍSTICA|Annals of Operation Research|B2|2008
0003-4916|MATEMÁTICA / PROBABILIDADE E ESTATÍSTICA|Annals of Physics (Print)|B1|2008
0091-1798|MATEMÁTICA / PROBABILIDADE E ESTATÍSTICA|Annals of Probability|A1|2008
0168-0072|MATEMÁTICA / PROBABILIDADE E ESTATÍSTICA|Annals of Pure and Applied Logic (Print)|B1|2008
0090-5364|MATEMÁTICA / PROBABILIDADE E ESTATÍSTICA|Annals of Statistics|A1|2008
1068-9265|MATEMÁTICA / PROBABILIDADE E ESTATÍSTICA|Annals of Surgical Oncology|A1|2008
0020-3157|MATEMÁTICA / PROBABILIDADE E ESTATÍSTICA|Annals of the Institute of Statistical Mathematics|B1|2008
0938-1279|MATEMÁTICA / PROBABILIDADE E ESTATÍSTICA|Applicable Algebra in Engineering, Communication and Computing|B4|2008
1432-0622|MATEMÁTICA / PROBABILIDADE E ESTATÍSTICA|Applicable algebra in engineering, communication and computing (Internet)|B4|2008
0003-6811|MATEMÁTICA / PROBABILIDADE E ESTATÍSTICA|Applicable Analysis|B5|2008
1063-5203|MATEMÁTICA / PROBABILIDADE E ESTATÍSTICA|Applied and Computational Harmonic Analysis (Print)|A1|2008
0927-2852|MATEMÁTICA / PROBABILIDADE E ESTATÍSTICA|Applied Categorical Structures|B2|2008
0003-6846|MATEMÁTICA / PROBABILIDADE E ESTATÍSTICA|Applied Economics (Print)|B1|2008
1350-4851|MATEMÁTICA / PROBABILIDADE E ESTATÍSTICA|Applied Economics Letters (Print)|B3|2008
1989-4147|MATEMÁTICA / PROBABILIDADE E ESTATÍSTICA|Applied General Topology (Online)|B5|2008
1466-4313|MATEMÁTICA / PROBABILIDADE E ESTATÍSTICA|Applied Mathematical Finance (Online)|B1|2008
1350-486X|MATEMÁTICA / PROBABILIDADE E ESTATÍSTICA|Applied Mathematical Finance (Print)|B1|2008
0307-904X|MATEMÁTICA / PROBABILIDADE E ESTATÍSTICA|Applied Mathematical Modelling|B4|2008
0066-5452|MATEMÁTICA / PROBABILIDADE E ESTATÍSTICA|Applied Mathematical Sciences|B5|2008
0095-4616|MATEMÁTICA / PROBABILIDADE E ESTATÍSTICA|Applied Mathematics & Optimization|B2|2008
0096-3003|MATEMÁTICA / PROBABILIDADE E ESTATÍSTICA|Applied Mathematics and Computation|B2|2008
0253-4827|MATEMÁTICA / PROBABILIDADE E ESTATÍSTICA|Applied Mathematics and Mechanics|B3|2008
1607-2510|MATEMÁTICA / PROBABILIDADE E ESTATÍSTICA|Applied Mathematics E-Notes|B5|2008
0893-9659|MATEMÁTICA / PROBABILIDADE E ESTATÍSTICA|Applied Mathematics Letters|B2|2008
1687-1200|MATEMÁTICA / PROBABILIDADE E ESTATÍSTICA|Applied Mathematics Research Express (Print)|B5|2008
0168-9274|MATEMÁTICA / PROBABILIDADE E ESTATÍSTICA|Applied Numerical Mathematics|B1|2008
1559-128X|MATEMÁTICA / PROBABILIDADE E ESTATÍSTICA|Applied Optics|B1|2008
1384-6485|MATEMÁTICA / PROBABILIDADE E ESTATÍSTICA|Applied Optimization|B4|2008
0003-6951|MATEMÁTICA / PROBABILIDADE E ESTATÍSTICA|Applied Physics Letters|B2|2008
0035-9254|MATEMÁTICA / PROBABILIDADE E ESTATÍSTICA|Applied Statistics (Print)|A2|2008
1524-1904|MATEMÁTICA / PROBABILIDADE E ESTATÍSTICA|Applied Stochastic Models in Business and Industry (Print)|B2|2008
0169-4332|MATEMÁTICA / PROBABILIDADE E ESTATÍSTICA|Applied Surface Science|B2|2008
1951-2198|MATEMÁTICA / PROBABILIDADE E ESTATÍSTICA|Archimed (Paris)|B3|2008
0003-889X|MATEMÁTICA / PROBABILIDADE E ESTATÍSTICA|Archiv der Mathematik (Printed ed.)|B1|2008
0003-9527|MATEMÁTICA / PROBABILIDADE E ESTATÍSTICA|Archive for Rational Mechanics and Analysis (Print)|A1|2008
1542-6149|MATEMÁTICA / PROBABILIDADE E ESTATÍSTICA|Archives of Inequalities and Applications|B4|2008
1212-5059|MATEMÁTICA / PROBABILIDADE E ESTATÍSTICA|Archivum Mathematicum (On-line)|B4|2008
0004-2080|MATEMÁTICA / PROBABILIDADE E ESTATÍSTICA|Arkiv for Matematik|B1|2008
0004-2749|MATEMÁTICA / PROBABILIDADE E ESTATÍSTICA|Arquivos Brasileiros de Oftalmologia (Impresso)|B4|2008
0381-7032|MATEMÁTICA / PROBABILIDADE E ESTATÍSTICA|Ars Combinatoria|B4|2008
0303-1179|MATEMÁTICA / PROBABILIDADE E ESTATÍSTICA|Astérisque|A2|2008
0004-6361|MATEMÁTICA / PROBABILIDADE E ESTATÍSTICA|Astronomy & Astrophysics (Berlin. Print)|A2|2008
0004-640X|MATEMÁTICA / PROBABILIDADE E ESTATÍSTICA|Astrophysics and Space Science|B4|2008
0921-7134|MATEMÁTICA / PROBABILIDADE E ESTATÍSTICA|Asymptotic Analysis|B3|2008
1352-2310|MATEMÁTICA / PROBABILIDADE E ESTATÍSTICA|Atmospheric Environment (1994)|B1|2008
1120-6330|MATEMÁTICA / PROBABILIDADE E ESTATÍSTICA|Atti della Accademia Nazionale dei Lincei. Rendiconti Lincei. Matematica e Applicazioni (Testo Stampato)|B2|2008
1369-1473|MATEMÁTICA / PROBABILIDADE E ESTATÍSTICA|Australian & New Zealand Journal of Statistics (Print)|B2|2008
0005-1179|MATEMÁTICA / PROBABILIDADE E ESTATÍSTICA|Automation and Remote Control|B5|2008
1224-2780|MATEMÁTICA / PROBABILIDADE E ESTATÍSTICA|Balkan Journal of Geometry and its Applications|B5|2008
0137-6934|MATEMÁTICA / PROBABILIDADE E ESTATÍSTICA|Banach Center Publications|B3|2008
1931-6690|MATEMÁTICA / PROBABILIDADE E ESTATÍSTICA|Bayesian analysis (Online)|B2|2008
0166-4328|MATEMÁTICA / PROBABILIDADE E ESTATÍSTICA|Behavioural Brain Research|B1|2008
0175-4874|MATEMÁTICA / PROBABILIDADE E ESTATÍSTICA|Beitrage zur Algebra und Geometrie / Contributions to Algebra and Geometry|B3|2008
1806-4272|MATEMÁTICA / PROBABILIDADE E ESTATÍSTICA|BEPA. Boletim Epidemiológico Paulista (Online)|B5|2008
1350-7265|MATEMÁTICA / PROBABILIDADE E ESTATÍSTICA|Bernoulli (Andover)|A2|2008
0006-291X|MATEMÁTICA / PROBABILIDADE E ESTATÍSTICA|Biochemical and Biophysical Research Communications (Print)|B1|2008
1367-4803|MATEMÁTICA / PROBABILIDADE E ESTATÍSTICA|Bioinformatics (Oxford. Print)|A1|2008
0340-1200|MATEMÁTICA / PROBABILIDADE E ESTATÍSTICA|Biological Cybernetics|B1|2008
0929-1016|MATEMÁTICA / PROBABILIDADE E ESTATÍSTICA|Biological Rhythm Research|B5|2008
1083-8791|MATEMÁTICA / PROBABILIDADE E ESTATÍSTICA|Biology of Blood and Marrow Transplantation|A2|2008
1679-365X|MATEMÁTICA / PROBABILIDADE E ESTATÍSTICA|Biomatemática (UNICAMP)|B5|2008
0323-3847|MATEMÁTICA / PROBABILIDADE E ESTATÍSTICA|Biometrical Journal (1977)|B1|2008
0006-341X|MATEMÁTICA / PROBABILIDADE E ESTATÍSTICA|Biometrics (Washington)|A1|2008
0006-3444|MATEMÁTICA / PROBABILIDADE E ESTATÍSTICA|Biometrika (London)|A1|2008
0968-0896|MATEMÁTICA / PROBABILIDADE E ESTATÍSTICA|Bioorganic & Medicinal Chemistry (Print)|B1|2008
1793-0480|MATEMÁTICA / PROBABILIDADE E ESTATÍSTICA|Biophysics Reviews and Letters|B5|2008
1516-3725|MATEMÁTICA / PROBABILIDADE E ESTATÍSTICA|Bioscience Journal (UFU. Impresso)|B5|2008
1465-4644|MATEMÁTICA / PROBABILIDADE E ESTATÍSTICA|Biostatistics (Oxford. Print)|A2|2008
0303-2647|MATEMÁTICA / PROBABILIDADE E ESTATÍSTICA|Biosystems (Amsterdam. Print)|B1|2008
0006-3835|MATEMÁTICA / PROBABILIDADE E ESTATÍSTICA|BIT Numerical Mathematics|A2|2008
1471-2105|MATEMÁTICA / PROBABILIDADE E ESTATÍSTICA|BMC Bioinformatics|A2|2008
1471-2164|MATEMÁTICA / PROBABILIDADE E ESTATÍSTICA|BMC Genomics|A2|2008
1471-2350|MATEMÁTICA / PROBABILIDADE E ESTATÍSTICA|BMC Medical Genetics (Online)|B4|2008
0103-636X|MATEMÁTICA / PROBABILIDADE E ESTATÍSTICA|Bolema. Boletim de Educação Matemática (UNESP. Rio Claro. Impresso)|B1|2008
0037-8712|MATEMÁTICA / PROBABILIDADE E ESTATÍSTICA|Boletim da Sociedade Paranaense de Matemática|B4|2008
0872-3672|MATEMÁTICA / PROBABILIDADE E ESTATÍSTICA|Boletim da Sociedade Portuguesa de Matemática|B5|2008
1575-9822|MATEMÁTICA / PROBABILIDADE E ESTATÍSTICA|Boletín de la Sociedad Española de Matemática Aplicada|B5|2008
0037-8615|MATEMÁTICA / PROBABILIDADE E ESTATÍSTICA|Boletín de la Sociedad Matemática Mexicana|B3|2008

0041-7084|MATEMÁTICA / PROBABILIDADE E ESTATÍSTICA|Bollettino della Unione Matematica Italiana|B4|2008
0392-4033||Bollettino della Unione Matematica Italiana. A|B4|2008
0392-4041||Bollettino della Unione Matematica Italiana. B|B4|2008

1687-2762|MATEMÁTICA / PROBABILIDADE E ESTATÍSTICA|Boundary Value Problems (Print)|B3|2008
1516-8913|MATEMÁTICA / PROBABILIDADE E ESTATÍSTICA|Brazilian Archives of Biology and Technology (Impresso)|B4|2008
0104-6632|MATEMÁTICA / PROBABILIDADE E ESTATÍSTICA|Brazilian Journal of Chemical Engineering (Impresso)|B4|2008
0100-879X|MATEMÁTICA / PROBABILIDADE E ESTATÍSTICA|Brazilian Journal of Medical and Biological Research (Impresso)|B1|2008
1679-8171|MATEMÁTICA / PROBABILIDADE E ESTATÍSTICA|Brazilian Journal of Operations and Production Management|B3|2008
1677-3217|MATEMÁTICA / PROBABILIDADE E ESTATÍSTICA|Brazilian Journal of Oral Sciences (Impresso)|B5|2008
1982-0593|MATEMÁTICA / PROBABILIDADE E ESTATÍSTICA|Brazilian Journal of Petroleum and Gas|B4|2008
0103-9733|MATEMÁTICA / PROBABILIDADE E ESTATÍSTICA|Brazilian Journal of Physics (Impresso)|B3|2008
1806-8324|MATEMÁTICA / PROBABILIDADE E ESTATÍSTICA|Brazilian Oral Research (Impresso)|B4|2008
1980-2447|MATEMÁTICA / PROBABILIDADE E ESTATÍSTICA|Brazilian Review of Econometrics|B2|2008
1678-7544|MATEMÁTICA / PROBABILIDADE E ESTATÍSTICA|Bulletin Brazilian Mathematical Society (Impresso)|B1|2008
1678-7714|MATEMÁTICA / PROBABILIDADE E ESTATÍSTICA|Bulletin Brazilian Mathematical Society (Online)|B1|2008
0459-6854|MATEMÁTICA / PROBABILIDADE E ESTATÍSTICA|Bulletin de la Société des Sciences et des Lettres de Lódz (1960)|B5|2008
0037-9484|MATEMÁTICA / PROBABILIDADE E ESTATÍSTICA|Bulletin de la Société Mathématique de France|A2|2008
0007-4497|MATEMÁTICA / PROBABILIDADE E ESTATÍSTICA|Bulletin des Sciences Mathématiques (Paris. 1885)|A2|2008
0092-8240|MATEMÁTICA / PROBABILIDADE E ESTATÍSTICA|Bulletin of Mathematical Biology (Print)|B2|2008
0004-9727|MATEMÁTICA / PROBABILIDADE E ESTATÍSTICA|Bulletin of the Australian Mathematical Society|B2|2008
1370-1444|MATEMÁTICA / PROBABILIDADE E ESTATÍSTICA|Bulletin of the Belgian Mathematical Society Simon Stevin|B2|2008
0252-9742|MATEMÁTICA / PROBABILIDADE E ESTATÍSTICA|Bulletin of the European Association for Theoretical Computer Science|B5|2008
0304-9825|MATEMÁTICA / PROBABILIDADE E ESTATÍSTICA|Bulletin of the Institute of Mathematics, Academia Sinica|B5|2008
1015-8634|MATEMÁTICA / PROBABILIDADE E ESTATÍSTICA|Bulletin of the Korean Mathematical Society|B3|2008
0024-6093|MATEMÁTICA / PROBABILIDADE E ESTATÍSTICA|Bulletin of the London Mathematical Society (Print)|A2|2008
0239-7269|MATEMÁTICA / PROBABILIDADE E ESTATÍSTICA|Bulletin of the Polish Academy of Sciences. Mathematics|B3|2008
0042-9686|MATEMÁTICA / PROBABILIDADE E ESTATÍSTICA|Bulletin of the World Health Organization (Print)|B4|2008
1677-2334|MATEMÁTICA / PROBABILIDADE E ESTATÍSTICA|Caderno Brasileiro de Ensino de Física|B5|2008
0100-1574|MATEMÁTICA / PROBABILIDADE E ESTATÍSTICA|Cadernos de Pesquisa (Fundação Carlos Chagas. Impresso)|B1|2008
0102-311X|MATEMÁTICA / PROBABILIDADE E ESTATÍSTICA|Cadernos de Saúde Pública (ENSP. Impresso)|B3|2008
0944-2669|MATEMÁTICA / PROBABILIDADE E ESTATÍSTICA|Calculus of Variations and Partial Differential Equations|A2|2008
0008-0683|MATEMÁTICA / PROBABILIDADE E ESTATÍSTICA|Calcutta Statistical Association Bulletin|B5|2008
0008-414X|MATEMÁTICA / PROBABILIDADE E ESTATÍSTICA|Canadian Journal of Mathematics|B2|2008
0319-5724|MATEMÁTICA / PROBABILIDADE E ESTATÍSTICA|Canadian Journal of Statistics|B1|2008
0008-4395|MATEMÁTICA / PROBABILIDADE E ESTATÍSTICA|Canadian Mathematical Bulletin|B2|2008
1176-9351|MATEMÁTICA / PROBABILIDADE E ESTATÍSTICA|Cancer Informatics|B5|2008
1644-3616|MATEMÁTICA / PROBABILIDADE E ESTATÍSTICA|Central European Journal of Mathematics|B3|2008
1612-7501|MATEMÁTICA / PROBABILIDADE E ESTATÍSTICA|Cesifo Economic Studies (Internet)|B5|2008
0960-0779|MATEMÁTICA / PROBABILIDADE E ESTATÍSTICA|Chaos, Solitons and Fractals|B3|2008
0169-7439|MATEMÁTICA / PROBABILIDADE E ESTATÍSTICA|Chemometrics and Intelligent Laboratory Systems (Print)|B2|2008
0252-9599|MATEMÁTICA / PROBABILIDADE E ESTATÍSTICA|Chinese Annals of Mathematics. Ser. B|B3|2008
0264-9381|MATEMÁTICA / PROBABILIDADE E ESTATÍSTICA|Classical and Quantum Gravity (Print)|B1|2008
0717-5000|MATEMÁTICA / PROBABILIDADE E ESTATÍSTICA|CLEI Electronic Journal|B5|2008
0392-856X|MATEMÁTICA / PROBABILIDADE E ESTATÍSTICA|Clinical and Experimental Rheumatology (Testo stampato)|B2|2008
1386-7857|MATEMÁTICA / PROBABILIDADE E ESTATÍSTICA|Cluster Computing|B1|2008
1092-8529|MATEMÁTICA / PROBABILIDADE E ESTATÍSTICA|CNS Spectrums|B1|2008
0010-0757|MATEMÁTICA / PROBABILIDADE E ESTATÍSTICA|Collectanea Mathematica|B3|2008
0010-1354|MATEMÁTICA / PROBABILIDADE E ESTATÍSTICA|Colloquium Mathematicum|B3|2008
0963-5483|MATEMÁTICA / PROBABILIDADE E ESTATÍSTICA|Combinatorics, Probability & Computing (Print)|B1|2008
1469-2163|MATEMÁTICA / PROBABILIDADE E ESTATÍSTICA|Combinatorics, Probability and Computing (Online)|B1|2008
0010-2571|MATEMÁTICA / PROBABILIDADE E ESTATÍSTICA|Commentarii Mathematici Helvetici (Printed ed.)|A1|2008
0010-2628|MATEMÁTICA / PROBABILIDADE E ESTATÍSTICA|Commentationes Mathematicae Universitatis Carolinae (Print)|B3|2008
0092-7872|MATEMÁTICA / PROBABILIDADE E ESTATÍSTICA|Communications in Algebra|B2|2008
1019-8385|MATEMÁTICA / PROBABILIDADE E ESTATÍSTICA|Communications in Analysis and Geometry|B1|2008
1083-2564|MATEMÁTICA / PROBABILIDADE E ESTATÍSTICA|Communications in Applied Analysis|B3|2008
0219-1997|MATEMÁTICA / PROBABILIDADE E ESTATÍSTICA|Communications in Contemporary Mathematics|B3|2008
0010-3616|MATEMÁTICA / PROBABILIDADE E ESTATÍSTICA|Communications in Mathematical Physics|A1|2008
1539-6746|MATEMÁTICA / PROBABILIDADE E ESTATÍSTICA|Communications in Mathematical Sciences|B1|2008
1069-8299|MATEMÁTICA / PROBABILIDADE E ESTATÍSTICA|Communications in Numerical Methods in Engineering|B2|2008
0360-5302|MATEMÁTICA / PROBABILIDADE E ESTATÍSTICA|Communications in Partial Differential Equations|A1|2008
0361-0918|MATEMÁTICA / PROBABILIDADE E ESTATÍSTICA|Communications in Statistics. Simulation and Computation|B3|2008
0361-0926|MATEMÁTICA / PROBABILIDADE E ESTATÍSTICA|Communications in Statistics. Theory and Methods|B3|2008
0253-6102|MATEMÁTICA / PROBABILIDADE E ESTATÍSTICA|Communications in Theoretical Physics|B4|2008
1074-133X|MATEMÁTICA / PROBABILIDADE E ESTATÍSTICA|Communications on Applied Nonlinear Analysis|B4|2008
1534-0392|MATEMÁTICA / PROBABILIDADE E ESTATÍSTICA|Communications on Pure and Applied Analysis|B2|2008
0010-3640|MATEMÁTICA / PROBABILIDADE E ESTATÍSTICA|Communications on Pure and Applied Mathematics (Print)|A1|2008
0332-1649|MATEMÁTICA / PROBABILIDADE E ESTATÍSTICA|Compel (Bradford)|B3|2008
1747-6941|MATEMÁTICA / PROBABILIDADE E ESTATÍSTICA|Complex Variables and Elliptic Equations (Online)|B3|2008
1747-6933|MATEMÁTICA / PROBABILIDADE E ESTATÍSTICA|Complex Variables and Elliptic Equations (Print)|B3|2008
0278-1077|MATEMÁTICA / PROBABILIDADE E ESTATÍSTICA|Complex Variables, Theory & Application (Print)|B3|2008
0010-437X|MATEMÁTICA / PROBABILIDADE E ESTATÍSTICA|Compositio Mathematica (Print)|A2|2008
0706-1994|MATEMÁTICA / PROBABILIDADE E ESTATÍSTICA|Comptes Rendus Mathématiques de l'Académie des Sciences|B2|2008
1631-073X|MATEMÁTICA / PROBABILIDADE E ESTATÍSTICA|Comptes Rendus. Mathématique|B2|2008
1807-0302|MATEMÁTICA / PROBABILIDADE E ESTATÍSTICA|Computational & Applied Mathematics|B2|2008
0927-7099|MATEMÁTICA / PROBABILIDADE E ESTATÍSTICA|Computational Economics|B4|2008
0925-7721|MATEMÁTICA / PROBABILIDADE E ESTATÍSTICA|Computational Geometry|B1|2008
0965-5425|MATEMÁTICA / PROBABILIDADE E ESTATÍSTICA|Computational Mathematics and Mathematical Physics|B5|2008
1609-4840|MATEMÁTICA / PROBABILIDADE E ESTATÍSTICA|Computational Methods in Applied Mathematics|B3|2008
0926-6003|MATEMÁTICA / PROBABILIDADE E ESTATÍSTICA|Computational Optimization and Applications|A2|2008
0167-9473|MATEMÁTICA / PROBABILIDADE E ESTATÍSTICA|Computational Statistics & Data Analysis (Print)|A2|2008
0943-4062|MATEMÁTICA / PROBABILIDADE E ESTATÍSTICA|Computational Statistics (Zeitschrift)|B3|2008
0167-8396|MATEMÁTICA / PROBABILIDADE E ESTATÍSTICA|Computer Aided Geometric Design|A2|2008
1546-4261|MATEMÁTICA / PROBABILIDADE E ESTATÍSTICA|Computer Animation and Virtual Worlds (print)|B2|2008
0167-7055|MATEMÁTICA / PROBABILIDADE E ESTATÍSTICA|Computer Graphics Forum (Print)|A2|2008
0169-2607|MATEMÁTICA / PROBABILIDADE E ESTATÍSTICA|Computer Methods and Programs in Biomedicine (Print)|B1|2008
0045-7825|MATEMÁTICA / PROBABILIDADE E ESTATÍSTICA|Computer Methods in Applied Mechanics and Engineering|B1|2008
0895-6111|MATEMÁTICA / PROBABILIDADE E ESTATÍSTICA|Computerized Medical Imaging and Graphics|B1|2008
0098-1354|MATEMÁTICA / PROBABILIDADE E ESTATÍSTICA|Computers & Chemical Engineering|B1|2008
0045-7906|MATEMÁTICA / PROBABILIDADE E ESTATÍSTICA|Computers & Electrical Engineering|B2|2008
0097-8493|MATEMÁTICA / PROBABILIDADE E ESTATÍSTICA|Computers & Graphics|B1|2008
0360-8352|MATEMÁTICA / PROBABILIDADE E ESTATÍSTICA|Computers & Industrial Engineering|B1|2008
0898-1221|MATEMÁTICA / PROBABILIDADE E ESTATÍSTICA|Computers & Mathematics with Applications (1987)|B2|2008
0305-0548|MATEMÁTICA / PROBABILIDADE E ESTATÍSTICA|Computers & Operations Research|B1|2008
0010-485X|MATEMÁTICA / PROBABILIDADE E ESTATÍSTICA|Computing (Wien. Print)|B1|2008
0176-4276|MATEMÁTICA / PROBABILIDADE E ESTATÍSTICA|Constructive Approximation|A2|2008
0271-4132|MATEMÁTICA / PROBABILIDADE E ESTATÍSTICA|Contemporary Mathematics - American Mathematical Society (Print)|B1|2008
0935-1175|MATEMÁTICA / PROBABILIDADE E ESTATÍSTICA|Continuum Mechanics and Thermodynamics (Print)|B3|2008
0324-8569|MATEMÁTICA / PROBABILIDADE E ESTATÍSTICA|Control and Cybernetics|B2|2008
0272-1708|MATEMÁTICA / PROBABILIDADE E ESTATÍSTICA|Control Systems Magazine|B2|2008
1065-8580|MATEMÁTICA / PROBABILIDADE E ESTATÍSTICA|CRM Proceedings & Lecture Notes|B3|2008
0716-7776|MATEMÁTICA / PROBABILIDADE E ESTATÍSTICA|Cubo (Temuco)|B5|2008
0973-5607|MATEMÁTICA / PROBABILIDADE E ESTATÍSTICA|Current Development in Theory and Applications of Wavelets|B4|2008
0907-0877|MATEMÁTICA / PROBABILIDADE E ESTATÍSTICA|Cybernetics & Human Knowing|B5|2008
0011-4642|MATEMÁTICA / PROBABILIDADE E ESTATÍSTICA|Czechoslovak Mathematical Journal (Prague, Print)|B3|2008
1225-1763|MATEMÁTICA / PROBABILIDADE E ESTATÍSTICA|Daehan Suhaghoe Nonmunjib / Communications of the Korean Mathematical Society|B4|2008
1593-8883|MATEMÁTICA / PROBABILIDADE E ESTATÍSTICA|Decisions in Economics and Finance (Testo Stampato)|B5|2008
0070-3370|MATEMÁTICA / PROBABILIDADE E ESTATÍSTICA|Demography (Chicago)|B4|2008
0925-1022|MATEMÁTICA / PROBABILIDADE E ESTATÍSTICA|Designs, Codes and Cryptography|B3|2008
0893-4983|MATEMÁTICA / PROBABILIDADE E ESTATÍSTICA|Differential and Integral Equations|B1|2008
0012-2661|MATEMÁTICA / PROBABILIDADE E ESTATÍSTICA|Differential Equations|B2|2008
0926-2245|MATEMÁTICA / PROBABILIDADE E ESTATÍSTICA|Differential Geometry and Its Applications|B3|2008
1454-511X|MATEMÁTICA / PROBABILIDADE E ESTATÍSTICA|Differential Geometry-Dynamical Systems|B5|2008
0179-5376|MATEMÁTICA / PROBABILIDADE E ESTATÍSTICA|Discrete & Computational Geometry|B1|2008
1078-0947|MATEMÁTICA / PROBABILIDADE E ESTATÍSTICA|Discrete and Continuous Dynamical Systems|B2|2008
1553-5231|MATEMÁTICA / PROBABILIDADE E ESTATÍSTICA|Discrete and Continuous Dynamical Systems. Series A|B2|2008
1531-3492|MATEMÁTICA / PROBABILIDADE E ESTATÍSTICA|Discrete and Continuous Dynamical Systems. Series B|B2|2008
0166-218X|MATEMÁTICA / PROBABILIDADE E ESTATÍSTICA|Discrete Applied Mathematics|B2|2008
0012-365X|MATEMÁTICA / PROBABILIDADE E ESTATÍSTICA|Discrete Mathematics|B1|2008
1572-5286|MATEMÁTICA / PROBABILIDADE E ESTATÍSTICA|Discrete Optimization|B4|2008
1340-2838|MATEMÁTICA / PROBABILIDADE E ESTATÍSTICA|DNA Research|B1|2008
0869-5652|MATEMÁTICA / PROBABILIDADE E ESTATÍSTICA|Doklady Akademii Nauk. Rossijskaa Akademia Nauk|B3|2008
1064-5624|MATEMÁTICA / PROBABILIDADE E ESTATÍSTICA|Doklady. Mathematics (Print)|B3|2008
0012-7094|MATEMÁTICA / PROBABILIDADE E ESTATÍSTICA|Duke Mathematical Journal|A1|2008
1056-2176|MATEMÁTICA / PROBABILIDADE E ESTATÍSTICA|Dynamic Systems and Applications|B3|2008
1468-9367|MATEMÁTICA / PROBABILIDADE E ESTATÍSTICA|Dynamical Systems (Print)|B2|2008
1201-3390|MATEMÁTICA / PROBABILIDADE E ESTATÍSTICA|Dynamics of Continuous, Discrete and Impulsive System|B5|2008
1310-6236|MATEMÁTICA / PROBABILIDADE E ESTATÍSTICA|East Journal on Approximations|B5|2008
1513-489X|MATEMÁTICA / PROBABILIDADE E ESTATÍSTICA|East-West Journal of Mathematics|B5|2008
1476-945X|MATEMÁTICA / PROBABILIDADE E ESTATÍSTICA|Ecological Complexity (Print)|B1|2008
0304-3800|MATEMÁTICA / PROBABILIDADE E ESTATÍSTICA|Ecological Modelling|A2|2008
0012-9658|MATEMÁTICA / PROBABILIDADE E ESTATÍSTICA|Ecology (Brooklyn, New York, N.Y.)|A1|2008
0747-4938|MATEMÁTICA / PROBABILIDADE E ESTATÍSTICA|Econometric Reviews|B1|2008
0266-4666|MATEMÁTICA / PROBABILIDADE E ESTATÍSTICA|Econometric Theory (Print)|A2|2008
1368-4221|MATEMÁTICA / PROBABILIDADE E ESTATÍSTICA|Econometrics Journal (Print)|B2|2008
0254-4415|MATEMÁTICA / PROBABILIDADE E ESTATÍSTICA|Economía (Lima)|B5|2008
0940-5151|MATEMÁTICA / PROBABILIDADE E ESTATÍSTICA|Economic Quality Control|B5|2008
0938-2259|MATEMÁTICA / PROBABILIDADE E ESTATÍSTICA|Economic Theory|B1|2008
0102-4698|MATEMÁTICA / PROBABILIDADE E ESTATÍSTICA|Educação em Revista (UFMG. Impresso)|B5|2008
1083-589X|MATEMÁTICA / PROBABILIDADE E ESTATÍSTICA|Electronic Communications in Probability|B1|2008
1072-6691|MATEMÁTICA / PROBABILIDADE E ESTATÍSTICA|Electronic Journal of Differential Equations|B2|2008
1550-6150|MATEMÁTICA / PROBABILIDADE E ESTATÍSTICA|Electronic Journal of Differential Equations (Print)|B2|2008
1083-6489|MATEMÁTICA / PROBABILIDADE E ESTATÍSTICA|Electronic Journal of Probability|A2|2008
1729-5254|MATEMÁTICA / PROBABILIDADE E ESTATÍSTICA|Electronic Journal of Theoretical Physics|B5|2008
1417-3875|MATEMÁTICA / PROBABILIDADE E ESTATÍSTICA|Electronic Journal on the Qualitative Theory of Differential Equations|B3|2008
1935-9179|MATEMÁTICA / PROBABILIDADE E ESTATÍSTICA|Electronic Research Announcements in Mathematical Sciences (Online)|B2|2008
1068-9613|MATEMÁTICA / PROBABILIDADE E ESTATÍSTICA|Electronic Transactions on Numerical Analysis|B4|2008
0100-6916|MATEMÁTICA / PROBABILIDADE E ESTATÍSTICA|Engenharia Agrícola (Impresso)|B4|2008
0952-1976|MATEMÁTICA / PROBABILIDADE E ESTATÍSTICA|Engineering Applications of Artificial Intelligence|B1|2008
1994-2060|MATEMÁTICA / PROBABILIDADE E ESTATÍSTICA|Engineering Applications of Computational Fluid Mechanics|B4|2008
1352-8505|MATEMÁTICA / PROBABILIDADE E ESTATÍSTICA|Environmental and Ecological Statistics|B1|2008
1567-7419|MATEMÁTICA / PROBABILIDADE E ESTATÍSTICA|Environmental Fluid Mechanics (Dordrecht. 2001)|B2|2008
0943-0105|MATEMÁTICA / PROBABILIDADE E ESTATÍSTICA|Environmental Geology (Berlin)|B3|2008
1180-4009|MATEMÁTICA / PROBABILIDADE E ESTATÍSTICA|EnvironMetrics (London. Ont.)|B1|2008
1679-4974|MATEMÁTICA / PROBABILIDADE E ESTATÍSTICA|Epidemiologia e Serviços de Saúde|B5|2008
0143-3857|MATEMÁTICA / PROBABILIDADE E ESTATÍSTICA|Ergodic Theory & Dynamical Systems (Print)|A1|2008
1292-8119|MATEMÁTICA / PROBABILIDADE E ESTATÍSTICA|ESAIM Control Optimization and Calculus Variations|B2|2008
1262-3377|MATEMÁTICA / PROBABILIDADE E ESTATÍSTICA|ESAIM. Contrôle, Optimisation et Calcul des Variations|B2|2008
1262-3318|MATEMÁTICA / PROBABILIDADE E ESTATÍSTICA|ESAIM. Probabilités et Statistique|B2|2008
0101-4161|MATEMÁTICA / PROBABILIDADE E ESTATÍSTICA|Estudos Econômicos (São Paulo. Impresso)|B5|2008
1535-9778|MATEMÁTICA / PROBABILIDADE E ESTATÍSTICA|Eukaryotic Cell|B1|2008
1225-066X|MATEMÁTICA / PROBABILIDADE E ESTATÍSTICA|Eung'yong Tong'gye Yeon'gu|B5|2008
1415-479X|MATEMÁTICA / PROBABILIDADE E ESTATÍSTICA|Eureka! (Rio de Janeiro)|B5|2008
0956-7925|MATEMÁTICA / PROBABILIDADE E ESTATÍSTICA|European Journal of Applied Mathematics (Print)|A2|2008
0195-6698|MATEMÁTICA / PROBABILIDADE E ESTATÍSTICA|European Journal of Combinatorics (Print)|B1|2008
0997-7546|MATEMÁTICA / PROBABILIDADE E ESTATÍSTICA|European Journal of Mechanics. B, Fluids|B1|2008
0377-2217|MATEMÁTICA / PROBABILIDADE E ESTATÍSTICA|European Journal of Operational Research|B1|2008
1434-6044|MATEMÁTICA / PROBABILIDADE E ESTATÍSTICA|European Physical Journal. C, Particles and Fields (Print)|B1|2008
0924-9338|MATEMÁTICA / PROBABILIDADE E ESTATÍSTICA|European Psychiatry (Paris)|B1|2008
0295-5075|MATEMÁTICA / PROBABILIDADE E ESTATÍSTICA|Europhysics Letters (Print)|B1|2008
1063-6560|MATEMÁTICA / PROBABILIDADE E ESTATÍSTICA|Evolutionary Computation|A2|2008
1058-6458|MATEMÁTICA / PROBABILIDADE E ESTATÍSTICA|Experimental Mathematics|B2|2008
0213-8743|MATEMÁTICA / PROBABILIDADE E ESTATÍSTICA|Extracta Mathematicae|B5|2008
1806-1958|MATEMÁTICA / PROBABILIDADE E ESTATÍSTICA|FAMAT em Revista (UFU)|B5|2008
0972-0960|MATEMÁTICA / PROBABILIDADE E ESTATÍSTICA|Far East Journal of Applied Mathematics|B5|2008
0972-1118|MATEMÁTICA / PROBABILIDADE E ESTATÍSTICA|Far East Journal of Dynamical Systems|B5|2008
0972-0871|MATEMÁTICA / PROBABILIDADE E ESTATÍSTICA|Far East Journal of Mathematical Sciences: FJMS|B3|2008
1069-5265|MATEMÁTICA / PROBABILIDADE E ESTATÍSTICA|Fields Institute Communications|B2|2008
1069-5273|MATEMÁTICA / PROBABILIDADE E ESTATÍSTICA|Fields Institute Monographs|B3|2008
0949-2984|MATEMÁTICA / PROBABILIDADE E ESTATÍSTICA|Finance and Stochastics (Print)|B1|2008
1071-5797|MATEMÁTICA / PROBABILIDADE E ESTATÍSTICA|Finite Fields and Their Applications (Print)|B3|2008
1544-8940|MATEMÁTICA / PROBABILIDADE E ESTATÍSTICA|Fixed Point Theory and Applications|B2|2008
0933-7741|MATEMÁTICA / PROBABILIDADE E ESTATÍSTICA|Forum Mathematicum|B2|2008
1615-3375|MATEMÁTICA / PROBABILIDADE E ESTATÍSTICA|Foundations of Computational Mathematics (Print)|A1|2008
0894-9875|MATEMÁTICA / PROBABILIDADE E ESTATÍSTICA|Foundations of Physics Letters|B4|2008
0016-2663|MATEMÁTICA / PROBABILIDADE E ESTATÍSTICA|Functional Analysis and its Applications|B2|2008
0016-2736|MATEMÁTICA / PROBABILIDADE E ESTATÍSTICA|Fundamenta Mathematicae|B1|2008
1560-5159|MATEMÁTICA / PROBABILIDADE E ESTATÍSTICA|Fundamentalnaâ i Prikladnaâ Matematika|B5|2008
0532-8721|MATEMÁTICA / PROBABILIDADE E ESTATÍSTICA|Funkcialaj Ekvacioj|B4|2008
0165-0114|MATEMÁTICA / PROBABILIDADE E ESTATÍSTICA|Fuzzy Sets and Systems|B1|2008
1047-4811|MATEMÁTICA / PROBABILIDADE E ESTATÍSTICA|Galilean Electrodynamics|B5|2008
0899-8256|MATEMÁTICA / PROBABILIDADE E ESTATÍSTICA|Games and Economic Behavior (Print)|A2|2008
0001-7701|MATEMÁTICA / PROBABILIDADE E ESTATÍSTICA|General Relativity and Gravitation|B2|2008
1676-5680|MATEMÁTICA / PROBABILIDADE E ESTATÍSTICA|Genetics and Molecular Research|B5|2008
0046-5755|MATEMÁTICA / PROBABILIDADE E ESTATÍSTICA|Geometriae Dedicata|B1|2008
1364-0380|MATEMÁTICA / PROBABILIDADE E ESTATÍSTICA|Geometry & Topology (Online)|A2|2008
1465-3060|MATEMÁTICA / PROBABILIDADE E ESTATÍSTICA|Geometry & Topology (Print)|A2|2008
0016-8025|MATEMÁTICA / PROBABILIDADE E ESTATÍSTICA|Geophysical Prospecting (Print)|B1|2008
0016-8033|MATEMÁTICA / PROBABILIDADE E ESTATÍSTICA|Geophysics|B1|2008
0104-530X|MATEMÁTICA / PROBABILIDADE E ESTATÍSTICA|Gestão & Produção (UFSCAR. Impresso)|B5|2008
0017-0895|MATEMÁTICA / PROBABILIDADE E ESTATÍSTICA|Glasgow Mathematical Journal (Print)|B2|2008
0911-0119|MATEMÁTICA / PROBABILIDADE E ESTATÍSTICA|Graphs and Combinatorics|B3|2008
0202-2893|MATEMÁTICA / PROBABILIDADE E ESTATÍSTICA|Gravitation & Cosmology (Print)|B5|2008
1661-7207|MATEMÁTICA / PROBABILIDADE E ESTATÍSTICA|Groups, Geometry, and Dynamics (Print)|B2|2008
0378-7346|MATEMÁTICA / PROBABILIDADE E ESTATÍSTICA|Gynecologic and Obstetric Investigation|B4|2008
0162-5519|MATEMÁTICA / PROBABILIDADE E ESTATÍSTICA|Hadronic Journal|B5|2008
0278-2715|MATEMÁTICA / PROBABILIDADE E ESTATÍSTICA|Health Affairs (Millwood, Va.)|B4|2008
0018-2079|MATEMÁTICA / PROBABILIDADE E ESTATÍSTICA|Hiroshima Mathematical Journal|B3|2008
0385-4035|MATEMÁTICA / PROBABILIDADE E ESTATÍSTICA|Hokkaido Mathematical Journal|B3|2008
1808-3064|MATEMÁTICA / PROBABILIDADE E ESTATÍSTICA|Horizonte Científico (Uberlândia)|B5|2008
0362-1588|MATEMÁTICA / PROBABILIDADE E ESTATÍSTICA|Houston Journal of Mathematics|B1|2008
1330-0083|MATEMÁTICA / PROBABILIDADE E ESTATÍSTICA|Hrvatski Meteoroloski Casopis / Croatian Meteorological Journal|B5|2008
0964-6906|MATEMÁTICA / PROBABILIDADE E ESTATÍSTICA|Human Molecular Genetics (Print)|A1|2008
1350-2379|MATEMÁTICA / PROBABILIDADE E ESTATÍSTICA|IEE Proceedings. Control Theory and Applications|A2|2008
0018-9286|MATEMÁTICA / PROBABILIDADE E ESTATÍSTICA|IEEE Transactions on Automatic Control (Print)|A1|2008
0196-2892|MATEMÁTICA / PROBABILIDADE E ESTATÍSTICA|IEEE Transactions on Geoscience and Remote Sensing|A2|2008
1057-7149|MATEMÁTICA / PROBABILIDADE E ESTATÍSTICA|IEEE Transactions on Image Processing|A1|2008
1089-7771|MATEMÁTICA / PROBABILIDADE E ESTATÍSTICA|IEEE Transactions on Information Technology in Biomedicine|A2|2008
0018-9448|MATEMÁTICA / PROBABILIDADE E ESTATÍSTICA|IEEE Transactions on Information Theory|A1|2008
0018-9464|MATEMÁTICA / PROBABILIDADE E ESTATÍSTICA|IEEE Transactions on Magnetics|B1|2008
0278-0062|MATEMÁTICA / PROBABILIDADE E ESTATÍSTICA|IEEE Transactions on Medical Imaging (Print)|A1|2008
1045-9227|MATEMÁTICA / PROBABILIDADE E ESTATÍSTICA|IEEE Transactions on Neural Networks|A1|2008
0018-9499|MATEMÁTICA / PROBABILIDADE E ESTATÍSTICA|IEEE Transactions on Nuclear Science|B3|2008
0885-8977|MATEMÁTICA / PROBABILIDADE E ESTATÍSTICA|IEEE Transactions on Power Delivery|B1|2008
0885-8950|MATEMÁTICA / PROBABILIDADE E ESTATÍSTICA|IEEE Transactions on Power Systems|A2|2008
0018-9529|MATEMÁTICA / PROBABILIDADE E ESTATÍSTICA|IEEE Transactions on Reliability|A2|2008
1053-587X|MATEMÁTICA / PROBABILIDADE E ESTATÍSTICA|IEEE Transactions on Signal Processing|A2|2008
0885-3010|MATEMÁTICA / PROBABILIDADE E ESTATÍSTICA|IEEE Transactions on Ultrasonics, Ferroelectrics, and Frequency Control|B1|2008
1077-2626|MATEMÁTICA / PROBABILIDADE E ESTATÍSTICA|IEEE Transactions on Visualization and Computer Graphics|A2|2008
1751-8644|MATEMÁTICA / PROBABILIDADE E ESTATÍSTICA|IET Control Theory & Applications (Print)|A2|2008
1751-8687|MATEMÁTICA / PROBABILIDADE E ESTATÍSTICA|IET Generation, Transmission & Distribution (Print)|A2|2008
0019-2082|MATEMÁTICA / PROBABILIDADE E ESTATÍSTICA|Illinois Journal of Mathematics|B1|2008
0272-4960|MATEMÁTICA / PROBABILIDADE E ESTATÍSTICA|IMA Journal of Applied Mathematics|B1|2008
0272-4979|MATEMÁTICA / PROBABILIDADE E ESTATÍSTICA|IMA Journal of Numerical Analysis|A2|2008
0262-8856|MATEMÁTICA / PROBABILIDADE E ESTATÍSTICA|Image and Vision Computing|A2|2008
0019-3577|MATEMÁTICA / PROBABILIDADE E ESTATÍSTICA|Indagationes Mathematicae (Print)|B2|2008
0019-5324|MATEMÁTICA / PROBABILIDADE E ESTATÍSTICA|Indian Journal of Mathematics|B3|2008
0022-2518|MATEMÁTICA / PROBABILIDADE E ESTATÍSTICA|Indiana University Mathematics Journal|A2|2008
0020-0190|MATEMÁTICA / PROBABILIDADE E ESTATÍSTICA|Information Processing Letters (Print)|B1|2008
0020-0255|MATEMÁTICA / PROBABILIDADE E ESTATÍSTICA|Information Sciences|B1|2008
0718-3305|MATEMÁTICA / PROBABILIDADE E ESTATÍSTICA|Ingeniare. Revista Chilena de Ingeniería (En línea)|B5|2008
1939-4039|MATEMÁTICA / PROBABILIDADE E ESTATÍSTICA|Institute of Mathematical Statistics collections (Print)|B4|2008
0167-6687|MATEMÁTICA / PROBABILIDADE E ESTATÍSTICA|Insurance. Mathematics & Economics|B2|2008
1553-1732|MATEMÁTICA / PROBABILIDADE E ESTATÍSTICA|Integers|B5|2008
0120-419X|MATEMÁTICA / PROBABILIDADE E ESTATÍSTICA|Integración - UIS|B5|2008
0378-620X|MATEMÁTICA / PROBABILIDADE E ESTATÍSTICA|Integral Equations and Operator Theory|B3|2008
1065-2469|MATEMÁTICA / PROBABILIDADE E ESTATÍSTICA|Integral Transforms and Special Functions|B3|2008
1463-9971|MATEMÁTICA / PROBABILIDADE E ESTATÍSTICA|Interfaces and Free Boundaries (Online)|B1|2008
0020-6598|MATEMÁTICA / PROBABILIDADE E ESTATÍSTICA|International Economic Review (Philadelphia)|B1|2008
1550-2287|MATEMÁTICA / PROBABILIDADE E ESTATÍSTICA|International Journal for Computational Methods in Engineering Science and Mechanics|B2|2008
0029-5981|MATEMÁTICA / PROBABILIDADE E ESTATÍSTICA|International Journal for Numerical Methods in Engineering (Print)|B1|2008
0271-2091|MATEMÁTICA / PROBABILIDADE E ESTATÍSTICA|International Journal for Numerical Methods in Fluids (Print)|B1|2008
0218-1967|MATEMÁTICA / PROBABILIDADE E ESTATÍSTICA|International Journal of Algebra and Computation|B3|2008
1311-1728|MATEMÁTICA / PROBABILIDADE E ESTATÍSTICA|International Journal of Applied Mathematics|B3|2008
0973-1377|MATEMÁTICA / PROBABILIDADE E ESTATÍSTICA|International Journal of Applied Mathematics & Statistics|B5|2008
0218-1274|MATEMÁTICA / PROBABILIDADE E ESTATÍSTICA|International Journal of Bifurcation and Chaos in Applied Sciences and Engineering|B1|2008
0167-5273|MATEMÁTICA / PROBABILIDADE E ESTATÍSTICA|International Journal of Cardiology (Print)|B2|2008
1311-6789|MATEMÁTICA / PROBABILIDADE E ESTATÍSTICA|International Journal of Computational and Numerical Analysis and Applications|B3|2008
1061-8562|MATEMÁTICA / PROBABILIDADE E ESTATÍSTICA|International Journal of Computational Fluid Dynamics (Print)|B3|2008
0020-7160|MATEMÁTICA / PROBABILIDADE E ESTATÍSTICA|International Journal of Computer Mathematics|B2|2008
1738-7906|MATEMÁTICA / PROBABILIDADE E ESTATÍSTICA|International Journal of Computer Science and Network Security|B4|2008
1312-7586|MATEMÁTICA / PROBABILIDADE E ESTATÍSTICA|International Journal of Contemporary Mathematical Sciences|B5|2008
0020-7179|MATEMÁTICA / PROBABILIDADE E ESTATÍSTICA|International Journal of Control (Print)|B1|2008
1311-2872|MATEMÁTICA / PROBABILIDADE E ESTATÍSTICA|International Journal of Differential Equations and Applications|B4|2008
0142-0615|MATEMÁTICA / PROBABILIDADE E ESTATÍSTICA|International Journal of Electrical Power & Energy Systems|B2|2008
0020-7225|MATEMÁTICA / PROBABILIDADE E ESTATÍSTICA|International Journal of Engineering Science|A2|2008
0300-5771|MATEMÁTICA / PROBABILIDADE E ESTATÍSTICA|International Journal of Epidemiology|A2|2008
0169-2070|MATEMÁTICA / PROBABILIDADE E ESTATÍSTICA|International Journal of Forecasting|B1|2008
1365-8816|MATEMÁTICA / PROBABILIDADE E ESTATÍSTICA|International Journal of Geographical Information Science (Print)|B2|2008
0219-8878|MATEMÁTICA / PROBABILIDADE E ESTATÍSTICA|International Journal of Geometric Methods in Modern Physics|B5|2008
1743-9132|MATEMÁTICA / PROBABILIDADE E ESTATÍSTICA|International Journal of Managerial Finance|B2|2008
0020-739X|MATEMÁTICA / PROBABILIDADE E ESTATÍSTICA|International Journal of Mathematical Education in Science and Technology|B5|2008
0129-167X|MATEMÁTICA / PROBABILIDADE E ESTATÍSTICA|International Journal of Mathematics|B2|2008
0161-1712|MATEMÁTICA / PROBABILIDADE E ESTATÍSTICA|International Journal of Mathematics and Mathematical Sciences|B4|2008
1099-1859|MATEMÁTICA / PROBABILIDADE E ESTATÍSTICA|International Journal of Mathematics, Game Theory, and Algebra|B3|2008
0217-751X|MATEMÁTICA / PROBABILIDADE E ESTATÍSTICA|International Journal of Modern Physics A|B3|2008
0217-9792|MATEMÁTICA / PROBABILIDADE E ESTATÍSTICA|International Journal of Modern Physics B|B5|2008
0218-2718|MATEMÁTICA / PROBABILIDADE E ESTATÍSTICA|International Journal of Modern Physics D|B2|2008
0020-7462|MATEMÁTICA / PROBABILIDADE E ESTATÍSTICA|International Journal of Non-Linear Mechanics|A2|2008
1741-6361|MATEMÁTICA / PROBABILIDADE E ESTATÍSTICA|International Journal of Nuclear Energy, Science and Technology (Print)|B3|2008
1793-0421|MATEMÁTICA / PROBABILIDADE E ESTATÍSTICA|International Journal of Number Theory|B3|2008
0925-5273|MATEMÁTICA / PROBABILIDADE E ESTATÍSTICA|International Journal of Production Economics|B1|2008
1311-8080|MATEMÁTICA / PROBABILIDADE E ESTATÍSTICA|International Journal of Pure and Applied Mathematics|B5|2008
0265-671X|MATEMÁTICA / PROBABILIDADE E ESTATÍSTICA|International Journal of Quality and Reliability Management|B3|2008
0020-7608|MATEMÁTICA / PROBABILIDADE E ESTATÍSTICA|International Journal of Quantum Chemistry|B3|2008
0219-7499|MATEMÁTICA / PROBABILIDADE E ESTATÍSTICA|International Journal of Quantum Information|B2|2008
0218-6543|MATEMÁTICA / PROBABILIDADE E ESTATÍSTICA|International Journal of Shape Modeling|B5|2008
0020-7721|MATEMÁTICA / PROBABILIDADE E ESTATÍSTICA|International Journal of Systems Science|B2|2008
0219-0249|MATEMÁTICA / PROBABILIDADE E ESTATÍSTICA|International Journal of Theoretical and Applied Finance|B3|2008
0020-7748|MATEMÁTICA / PROBABILIDADE E ESTATÍSTICA|International Journal of Theoretical Physics|B5|2008
0218-4885|MATEMÁTICA / PROBABILIDADE E ESTATÍSTICA|International Journal of Uncertainty, Fuzziness and Knowledge-Based Systems|B3|2008
0219-6913|MATEMÁTICA / PROBABILIDADE E ESTATÍSTICA|International Journal of Wavelets, Multiresolution and Information Processing|B3|2008
1312-7594|MATEMÁTICA / PROBABILIDADE E ESTATÍSTICA|International Mathematical Forum|B5|2008
1073-7928|MATEMÁTICA / PROBABILIDADE E ESTATÍSTICA|International Mathematics Research Notices|B2|2008
1057-5219|MATEMÁTICA / PROBABILIDADE E ESTATÍSTICA|International Review of Financial Analysis|B4|2008
0306-7734|MATEMÁTICA / PROBABILIDADE E ESTATÍSTICA|International Statistical Review|A2|2008
0969-6016|MATEMÁTICA / PROBABILIDADE E ESTATÍSTICA|International Transactions in Operational Research|B4|2008
0020-9910|MATEMÁTICA / PROBABILIDADE E ESTATÍSTICA|Inventiones Mathematicae|A1|2008
0266-5611|MATEMÁTICA / PROBABILIDADE E ESTATÍSTICA|Inverse Problems (Print)|A1|2008
1741-5977|MATEMÁTICA / PROBABILIDADE E ESTATÍSTICA|Inverse Problems in Science & Engineering (Print)|B2|2008
0021-2172|MATEMÁTICA / PROBABILIDADE E ESTATÍSTICA|Israel Journal of Mathematics|A2|2008
1126-8042|MATEMÁTICA / PROBABILIDADE E ESTATÍSTICA|Italian journal of pure and applied mathematics|B5|2008
1064-5632|MATEMÁTICA / PROBABILIDADE E ESTATÍSTICA|Izvestiya. Mathematics|B2|2008
1529-7853|MATEMÁTICA / PROBABILIDADE E ESTATÍSTICA|JASA Express Letters|B1|2008
0835-3026|MATEMÁTICA / PROBABILIDADE E ESTATÍSTICA|JCMCC. Journal of Combinatorial Mathematics and Combinatorial Computing|B5|2008
1824-2049|MATEMÁTICA / PROBABILIDADE E ESTATÍSTICA|JCOM, Journal of Science Communication|B4|2008
1007-1008|MATEMÁTICA / PROBABILIDADE E ESTATÍSTICA|Jiaoche Qingbao|B5|2008
1806-3756|MATEMÁTICA / PROBABILIDADE E ESTATÍSTICA|Jornal Brasileiro de Pneumologia (Online)|B5|2008
1678-4782|MATEMÁTICA / PROBABILIDADE E ESTATÍSTICA|Jornal de Pediatria (Online)|B3|2008
0021-7670|MATEMÁTICA / PROBABILIDADE E ESTATÍSTICA|Journal d'Analyse Mathématique (Jerusalem)|B1|2008
0021-7824|MATEMÁTICA / PROBABILIDADE E ESTATÍSTICA|Journal de Mathématiques Pures et Appliquées|A1|2008
1246-7405|MATEMÁTICA / PROBABILIDADE E ESTATÍSTICA|Journal de Théorie des Nombres de Bordeaux|B5|2008
0075-4102|MATEMÁTICA / PROBABILIDADE E ESTATÍSTICA|Journal fur die Reine und Angewandte Mathematik|A1|2008
1064-6647|MATEMÁTICA / PROBABILIDADE E ESTATÍSTICA|Journal of Actuarial Practice|B5|2008
0021-8693|MATEMÁTICA / PROBABILIDADE E ESTATÍSTICA|Journal of Algebra (Print)|A2|2008
0219-4988|MATEMÁTICA / PROBABILIDADE E ESTATÍSTICA|Journal of Algebra and its Applications|B3|2008
1056-3911|MATEMÁTICA / PROBABILIDADE E ESTATÍSTICA|Journal of Algebraic Geometry|A1|2008
0196-6774|MATEMÁTICA / PROBABILIDADE E ESTATÍSTICA|Journal of Algorithms (Print)|B1|2008
1425-6908|MATEMÁTICA / PROBABILIDADE E ESTATÍSTICA|Journal of Applied Analysis|B5|2008
0021-8898|MATEMÁTICA / PROBABILIDADE E ESTATÍSTICA|Journal of Applied Crystallography|A2|2008
0926-9851|MATEMÁTICA / PROBABILIDADE E ESTATÍSTICA|Journal of Applied Geophysics|B1|2008
1570-8683|MATEMÁTICA / PROBABILIDADE E ESTATÍSTICA|Journal of Applied Logic|B5|2008
1110-757X|MATEMÁTICA / PROBABILIDADE E ESTATÍSTICA|Journal of Applied Mathematics|B4|2008
1687-0042|MATEMÁTICA / PROBABILIDADE E ESTATÍSTICA|Journal of Applied Mathematics (Internet)|B4|2008
1048-9533|MATEMÁTICA / PROBABILIDADE E ESTATÍSTICA|Journal of applied mathematics and stochastic analysis|B4|2008
1687-2177|MATEMÁTICA / PROBABILIDADE E ESTATÍSTICA|Journal of Applied Mathematics and Stochastic Analysis (On-line)|B4|2008
0021-8936|MATEMÁTICA / PROBABILIDADE E ESTATÍSTICA|Journal of Applied Mechanics|A2|2008
1558-8424|MATEMÁTICA / PROBABILIDADE E ESTATÍSTICA|Journal of Applied Meteorology and Climatology|B1|2008
1166-3081|MATEMÁTICA / PROBABILIDADE E ESTATÍSTICA|Journal of Applied Non-Classical Logics|B5|2008
1678-7757|MATEMÁTICA / PROBABILIDADE E ESTATÍSTICA|Journal of Applied Oral Science (Impresso)|B4|2008
0021-8979|MATEMÁTICA / PROBABILIDADE E ESTATÍSTICA|Journal of Applied Physics|A2|2008
0021-9002|MATEMÁTICA / PROBABILIDADE E ESTATÍSTICA|Journal of Applied Probability|B1|2008
1067-5817|MATEMÁTICA / PROBABILIDADE E ESTATÍSTICA|Journal of Applied Statistical Science|B4|2008
0266-4763|MATEMÁTICA / PROBABILIDADE E ESTATÍSTICA|Journal of Applied Statistics|B2|2008
0021-9045|MATEMÁTICA / PROBABILIDADE E ESTATÍSTICA|Journal of Approximation Theory (Print)|B2|2008
0021-9193|MATEMÁTICA / PROBABILIDADE E ESTATÍSTICA|Journal of Bacteriology (Print)|A2|2008
0378-4266|MATEMÁTICA / PROBABILIDADE E ESTATÍSTICA|Journal of Banking & Finance (Print)|B3|2008
0218-3390|MATEMÁTICA / PROBABILIDADE E ESTATÍSTICA|Journal of Biological Systems|B4|2008
1054-3406|MATEMÁTICA / PROBABILIDADE E ESTATÍSTICA|Journal of Biopharmaceutical Statistics (Print)|B4|2008
1045-3873|MATEMÁTICA / PROBABILIDADE E ESTATÍSTICA|Journal of Cardiovascular Electrophysiology (Print)|A2|2008
0886-9383|MATEMÁTICA / PROBABILIDADE E ESTATÍSTICA|Journal of Chemometrics (Print)|B3|2008
0192-0790|MATEMÁTICA / PROBABILIDADE E ESTATÍSTICA|Journal of Clinical Gastroenterology|B1|2008
0021-9797|MATEMÁTICA / PROBABILIDADE E ESTATÍSTICA|Journal of Colloid and Interface Science (Print)|B1|2008
0095-8956|MATEMÁTICA / PROBABILIDADE E ESTATÍSTICA|Journal of Combinatorial Theory. Series B (Print)|B1|2008
0885-064X|MATEMÁTICA / PROBABILIDADE E ESTATÍSTICA|Journal of Complexity (Print)|A2|2008
0218-396X|MATEMÁTICA / PROBABILIDADE E ESTATÍSTICA|Journal of Computational Acoustics|B4|2008
1521-1398|MATEMÁTICA / PROBABILIDADE E ESTATÍSTICA|Journal of Computational Analysis and Applications|B4|2008
0377-0427|MATEMÁTICA / PROBABILIDADE E ESTATÍSTICA|Journal of Computational and Applied Mathematics|A2|2008
1061-8600|MATEMÁTICA / PROBABILIDADE E ESTATÍSTICA|Journal of Computational and Graphical Statistics|A2|2008
1066-5277|MATEMÁTICA / PROBABILIDADE E ESTATÍSTICA|Journal of Computational Biology|B1|2008
0021-9991|MATEMÁTICA / PROBABILIDADE E ESTATÍSTICA|Journal of Computational Physics (Print)|A1|2008
0944-6532|MATEMÁTICA / PROBABILIDADE E ESTATÍSTICA|Journal of Convex Analysis|B1|2008
0022-0302|MATEMÁTICA / PROBABILIDADE E ESTATÍSTICA|Journal of Dairy Science|B1|2008
1683-8602|MATEMÁTICA / PROBABILIDADE E ESTATÍSTICA|Journal of Data Science (Online)|B3|2008
1680-743X|MATEMÁTICA / PROBABILIDADE E ESTATÍSTICA|Journal of Data Science (Print)|B3|2008
1023-6198|MATEMÁTICA / PROBABILIDADE E ESTATÍSTICA|Journal of Difference Equations and Applications (Print)|B2|2008
0022-0396|MATEMÁTICA / PROBABILIDADE E ESTATÍSTICA|Journal of Differential Equations (Print)|A2|2008
0022-040X|MATEMÁTICA / PROBABILIDADE E ESTATÍSTICA|Journal of Differential Geometry|A1|2008
0897-1889|MATEMÁTICA / PROBABILIDADE E ESTATÍSTICA|Journal of Digital Imaging|B1|2008
0022-0434|MATEMÁTICA / PROBABILIDADE E ESTATÍSTICA|Journal of Dynamic Systems, Measurement, and Control|B2|2008
1079-2724|MATEMÁTICA / PROBABILIDADE E ESTATÍSTICA|Journal of Dynamical and Control Systems|B1|2008
1726-037X|MATEMÁTICA / PROBABILIDADE E ESTATÍSTICA|Journal of Dynamical Systems and Geometric Theories|B5|2008
1040-7294|MATEMÁTICA / PROBABILIDADE E ESTATÍSTICA|Journal of Dynamics and Differential Equations|B3|2008
0304-4076|MATEMÁTICA / PROBABILIDADE E ESTATÍSTICA|Journal of Econometrics|A2|2008
0165-1889|MATEMÁTICA / PROBABILIDADE E ESTATÍSTICA|Journal of Economic Dynamics & Control|B1|2008
0374-3535|MATEMÁTICA / PROBABILIDADE E ESTATÍSTICA|Journal of Elasticity|B1|2008
1496-4155|MATEMÁTICA / PROBABILIDADE E ESTATÍSTICA|Journal of Esthetic and Restorative Dentistry|B2|2008
1424-3202|MATEMÁTICA / PROBABILIDADE E ESTATÍSTICA|Journal of evolution equations (Online ed.)|B3|2008
1424-3199|MATEMÁTICA / PROBABILIDADE E ESTATÍSTICA|Journal of Evolution Equations (Printed Ed.)|B3|2008
1661-7738|MATEMÁTICA / PROBABILIDADE E ESTATÍSTICA|Journal of Fixed Point Theory and its Applications (Print)|B2|2008
0889-9746|MATEMÁTICA / PROBABILIDADE E ESTATÍSTICA|Journal of Fluids and Structures|B1|2008
0277-6693|MATEMÁTICA / PROBABILIDADE E ESTATÍSTICA|Journal of Forecasting (Print)|B2|2008
1972-5787|MATEMÁTICA / PROBABILIDADE E ESTATÍSTICA|Journal of Formalized Reasoning|B5|2008
0022-1236|MATEMÁTICA / PROBABILIDADE E ESTATÍSTICA|Journal of Functional Analysis|A1|2008
0047-2468|MATEMÁTICA / PROBABILIDADE E ESTATÍSTICA|Journal of Geometry|B2|2008
0393-0440|MATEMÁTICA / PROBABILIDADE E ESTATÍSTICA|Journal of Geometry and Physics|B1|2008
1312-5192|MATEMÁTICA / PROBABILIDADE E ESTATÍSTICA|Journal of Geometry and Symmetry in Physics|B5|2008
0925-5001|MATEMÁTICA / PROBABILIDADE E ESTATÍSTICA|Journal of Global Optimization|B2|2008
1086-7651|MATEMÁTICA / PROBABILIDADE E ESTATÍSTICA|Journal of Graphics Tools|B5|2008
1433-5883|MATEMÁTICA / PROBABILIDADE E ESTATÍSTICA|Journal of Group Theory|B3|2008
0022-1694|MATEMÁTICA / PROBABILIDADE E ESTATÍSTICA|Journal of Hydrology (Amsterdam)|A2|2008
0219-8916|MATEMÁTICA / PROBABILIDADE E ESTATÍSTICA|Journal of Hyperbolic Differential Equations|B1|2008
1547-5816|MATEMÁTICA / PROBABILIDADE E ESTATÍSTICA|Journal of Industrial and Management Optimization|B4|2008
1553-166X|MATEMÁTICA / PROBABILIDADE E ESTATÍSTICA|Journal of Industrial and Management Optimization (Online)|B4|2008
1025-5834|MATEMÁTICA / PROBABILIDADE E ESTATÍSTICA|Journal of Inequalities and Applications|B4|2008
0972-0502|MATEMÁTICA / PROBABILIDADE E ESTATÍSTICA|Journal of Interdisciplinary Mathematics|B4|2008
0928-0219|MATEMÁTICA / PROBABILIDADE E ESTATÍSTICA|Journal of Inverse and Ill-Posed Problems (Print)|B3|2008
0218-2165|MATEMÁTICA / PROBABILIDADE E ESTATÍSTICA|Journal of Knot Theory and its Ramifications|B3|2008
0949-5932|MATEMÁTICA / PROBABILIDADE E ESTATÍSTICA|Journal of Lie Theory|B3|2008
0955-792X|MATEMÁTICA / PROBABILIDADE E ESTATÍSTICA|Journal of Logic and Computation (Print)|B1|2008
0304-8853|MATEMÁTICA / PROBABILIDADE E ESTATÍSTICA|Journal of Magnetism and Magnetic Materials|B2|2008
0022-2372|MATEMÁTICA / PROBABILIDADE E ESTATÍSTICA|Journal of Mammalogy (Print)|B2|2008
0022-247X|MATEMÁTICA / PROBABILIDADE E ESTATÍSTICA|Journal of Mathematical Analysis and Applications (Print)|B1|2008
0303-6812|MATEMÁTICA / PROBABILIDADE E ESTATÍSTICA|Journal of Mathematical Biology (Print)|A2|2008
0259-9791|MATEMÁTICA / PROBABILIDADE E ESTATÍSTICA|Journal of Mathematical Chemistry|B4|2008
0304-4068|MATEMÁTICA / PROBABILIDADE E ESTATÍSTICA|Journal of Mathematical Economics (Print)|B2|2008
1422-6928|MATEMÁTICA / PROBABILIDADE E ESTATÍSTICA|Journal of Mathematical Fluid Mechanics (Printed Ed.)|B2|2008
0924-9907|MATEMÁTICA / PROBABILIDADE E ESTATÍSTICA|Journal of Mathematical Imaging and Vision|A2|2008
0022-2488|MATEMÁTICA / PROBABILIDADE E ESTATÍSTICA|Journal of Mathematical Physics|B2|2008
1072-3374|MATEMÁTICA / PROBABILIDADE E ESTATÍSTICA|Journal of Mathematical Sciences (New York, N.Y.)|B4|2008
1340-5705|MATEMÁTICA / PROBABILIDADE E ESTATÍSTICA|Journal of Mathematical Sciences (Tokyo. 1994)|B4|2008
0974-5750|MATEMÁTICA / PROBABILIDADE E ESTATÍSTICA|Journal of Mathematical Sciences: Advances and Applications|B4|2008
1549-3644|MATEMÁTICA / PROBABILIDADE E ESTATÍSTICA|Journal of Mathematics and Statistics|B5|2008
1930-5311|MATEMÁTICA / PROBABILIDADE E ESTATÍSTICA|Journal of Modern Dynamics|A2|2008
0047-259X|MATEMÁTICA / PROBABILIDADE E ESTATÍSTICA|Journal of Multivariate Analysis|A2|2008
0165-0270|MATEMÁTICA / PROBABILIDADE E ESTATÍSTICA|Journal of Neuroscience Methods|B1|2008
0377-0257|MATEMÁTICA / PROBABILIDADE E ESTATÍSTICA|Journal of Non-Newtonian Fluid Mechanics (Print)|A1|2008
1345-4773|MATEMÁTICA / PROBABILIDADE E ESTATÍSTICA|Journal of Nonlinear and Convex Analysis|B3|2008
1402-9251|MATEMÁTICA / PROBABILIDADE E ESTATÍSTICA|Journal of Nonlinear Mathematical Physics (Print)|B3|2008
1048-5252|MATEMÁTICA / PROBABILIDADE E ESTATÍSTICA|Journal of Nonparametric Statistics (Print)|B2|2008
0022-314X|MATEMÁTICA / PROBABILIDADE E ESTATÍSTICA|Journal of Number Theory (Print)|A2|2008
0282-423X|MATEMÁTICA / PROBABILIDADE E ESTATÍSTICA|Journal of official statistics|B3|2008
0379-4024|MATEMÁTICA / PROBABILIDADE E ESTATÍSTICA|Journal of Operator Theory|A2|2008
0022-3239|MATEMÁTICA / PROBABILIDADE E ESTATÍSTICA|Journal of Optimization Theory and Applications|B1|2008
0743-7315|MATEMÁTICA / PROBABILIDADE E ESTATÍSTICA|Journal of Parallel and Distributed Computing (Print)|B1|2008
1751-8113|MATEMÁTICA / PROBABILIDADE E ESTATÍSTICA|Journal of Physics. A, Mathematical and Theoretical (Print)|B1|2008
0953-4075|MATEMÁTICA / PROBABILIDADE E ESTATÍSTICA|Journal of Physics. B, Atomic Molecular and Optical Physics (Print)|B1|2008
1742-6588|MATEMÁTICA / PROBABILIDADE E ESTATÍSTICA|Journal of Physics. Conference Series (Print)|B5|2008
1091-028X|MATEMÁTICA / PROBABILIDADE E ESTATÍSTICA|Journal of Porous Media|B2|2008
0959-1524|MATEMÁTICA / PROBABILIDADE E ESTATÍSTICA|Journal of Process Control|B1|2008
0895-562X|MATEMÁTICA / PROBABILIDADE E ESTATÍSTICA|Journal of Productivity Analysis|B4|2008
1741-3842|MATEMÁTICA / PROBABILIDADE E ESTATÍSTICA|Journal of Public Health (Print)|B2|2008
0022-4049|MATEMÁTICA / PROBABILIDADE E ESTATÍSTICA|Journal of Pure and Applied Algebra (Print)|A2|2008
0022-4065|MATEMÁTICA / PROBABILIDADE E ESTATÍSTICA|Journal of Quality Technology|B3|2008
0022-4073|MATEMÁTICA / PROBABILIDADE E ESTATÍSTICA|Journal of Quantitative Spectroscopy & Radiative Transfer|A2|2008
0885-7474|MATEMÁTICA / PROBABILIDADE E ESTATÍSTICA|Journal of Scientific Computing|A2|2008
0963-0651|MATEMÁTICA / PROBABILIDADE E ESTATÍSTICA|Journal of Seismic Exploration|B3|2008
0022-460X|MATEMÁTICA / PROBABILIDADE E ESTATÍSTICA|Journal of Sound and Vibration|B3|2008
1092-4388|MATEMÁTICA / PROBABILIDADE E ESTATÍSTICA|Journal of Speech, Language, and Hearing Research (Print)|B4|2008
0094-9655|MATEMÁTICA / PROBABILIDADE E ESTATÍSTICA|Journal of Statistical Computation and Simulation (Print)|B2|2008
1742-5468|MATEMÁTICA / PROBABILIDADE E ESTATÍSTICA|Journal of Statistical Mechanics|A2|2008
0022-4715|MATEMÁTICA / PROBABILIDADE E ESTATÍSTICA|Journal of Statistical Physics|A2|2008
0378-3758|MATEMÁTICA / PROBABILIDADE E ESTATÍSTICA|Journal of Statistical Planning and Inference (Print)|B1|2008
0256-422X|MATEMÁTICA / PROBABILIDADE E ESTATÍSTICA|Journal of Statistical Research - University of Dacca. Institute of Statistical Research and Training|B4|2008
1548-7660|MATEMÁTICA / PROBABILIDADE E ESTATÍSTICA|Journal of statistical software|B3|2008
1538-7887|MATEMÁTICA / PROBABILIDADE E ESTATÍSTICA|Journal of Statistical Theory and Applications|B4|2008
1559-8608|MATEMÁTICA / PROBABILIDADE E ESTATÍSTICA|Journal of Statistical Theory and Practice|B5|2008
0747-7171|MATEMÁTICA / PROBABILIDADE E ESTATÍSTICA|Journal of Symbolic Computation|B1|2008
0894-0347|MATEMÁTICA / PROBABILIDADE E ESTATÍSTICA|Journal of the American Mathematical Society|A1|2008
0162-1459|MATEMÁTICA / PROBABILIDADE E ESTATÍSTICA|Journal of the American Statistical Association|A1|2008
1446-8107|MATEMÁTICA / PROBABILIDADE E ESTATÍSTICA|Journal of the Australian Mathematical Society (2001. Online)|B1|2008
1446-7887|MATEMÁTICA / PROBABILIDADE E ESTATÍSTICA|Journal of the Australian Mathematical Society (2001. Print)|B1|2008
0104-6500|MATEMÁTICA / PROBABILIDADE E ESTATÍSTICA|Journal of the Brazilian Computer Society (Impresso)|B2|2008
1678-5878|MATEMÁTICA / PROBABILIDADE E ESTATÍSTICA|Journal of the Brazilian Society of Mechanical Sciences and Engineering (Impresso)|B5|2008
1435-9855|MATEMÁTICA / PROBABILIDADE E ESTATÍSTICA|Journal of the European Mathematical Society (Print)|A1|2008
0016-0032|MATEMÁTICA / PROBABILIDADE E ESTATÍSTICA|Journal of the Franklin Institute|B2|2008
1474-7480|MATEMÁTICA / PROBABILIDADE E ESTATÍSTICA|Journal of the Institute of Mathematics of Jussieu (Print)|A2|2008
0304-9914|MATEMÁTICA / PROBABILIDADE E ESTATÍSTICA|Journal of the Korean Mathematical Society|B2|2008
1226-3192|MATEMÁTICA / PROBABILIDADE E ESTATÍSTICA|Journal of the Korean Statistical Society|B4|2008
0024-6107|MATEMÁTICA / PROBABILIDADE E ESTATÍSTICA|Journal of the London Mathematical Society (Print)|A2|2008
0025-5645|MATEMÁTICA / PROBABILIDADE E ESTATÍSTICA|Journal of the Mathematical Society of Japan|B1|2008
0887-3593|MATEMÁTICA / PROBABILIDADE E ESTATÍSTICA|Journal of the North American Benthological Society|B1|2008
0160-5682|MATEMÁTICA / PROBABILIDADE E ESTATÍSTICA|Journal of the Operational Research Society|B1|2008
0031-9015|MATEMÁTICA / PROBABILIDADE E ESTATÍSTICA|Journal of the Physical Society of Japan|B2|2008
0022-5193|MATEMÁTICA / PROBABILIDADE E ESTATÍSTICA|Journal of Theoretical Biology|B2|2008
0894-9840|MATEMÁTICA / PROBABILIDADE E ESTATÍSTICA|Journal of Theoretical Probability|B1|2008
0149-5739|MATEMÁTICA / PROBABILIDADE E ESTATÍSTICA|Journal of Thermal Stresses|B1|2008
0143-9782|MATEMÁTICA / PROBABILIDADE E ESTATÍSTICA|Journal of Time Series Analysis (Print)|A2|2008
1468-5248|MATEMÁTICA / PROBABILIDADE E ESTATÍSTICA|Journal of Turbulence|B1|2008
0948-695X|MATEMÁTICA / PROBABILIDADE E ESTATÍSTICA|Journal of Universal Computer Science (Print)|B2|2008
1099-3460|MATEMÁTICA / PROBABILIDADE E ESTATÍSTICA|Journal of Urban Health|B1|2008
0741-5214|MATEMÁTICA / PROBABILIDADE E ESTATÍSTICA|Journal of Vascular Surgery (Print)|A2|2008
0892-1997|MATEMÁTICA / PROBABILIDADE E ESTATÍSTICA|Journal of Voice|B2|2008
1477-8920|MATEMÁTICA / PROBABILIDADE E ESTATÍSTICA|Journal of Water and Health|B4|2008
1213-6972|MATEMÁTICA / PROBABILIDADE E ESTATÍSTICA|Journal of WSCG (Plzen, Print)|B5|2008
0952-8369|MATEMÁTICA / PROBABILIDADE E ESTATÍSTICA|Journal of Zoology (1987)|B3|2008
0972-5555|MATEMÁTICA / PROBABILIDADE E ESTATÍSTICA|JP Journal of Algebra, Number Theory and Applications|B3|2008
0972-415X|MATEMÁTICA / PROBABILIDADE E ESTATÍSTICA|JP Journal of Geometry and Topology|B2|2008
0920-3036|MATEMÁTICA / PROBABILIDADE E ESTATÍSTICA|K-Theory (Dordrecht)|B2|2008
0932-3902|MATEMÁTICA / PROBABILIDADE E ESTATÍSTICA|Kerntechnik (1987)|B2|2008
0386-5991|MATEMÁTICA / PROBABILIDADE E ESTATÍSTICA|Kodai Mathematical Journal|B2|2008
0013-8584|MATEMÁTICA / PROBABILIDADE E ESTATÍSTICA|L'Enseignement Mathématique|B1|2008
0327-0793|MATEMÁTICA / PROBABILIDADE E ESTATÍSTICA|Latin American Applied Research|B5|2008
0373-3505|MATEMÁTICA / PROBABILIDADE E ESTATÍSTICA|Le Matematiche (Catania)|B5|2008
1070-485X|MATEMÁTICA / PROBABILIDADE E ESTATÍSTICA|Leading Edge (Tulsa, Okla.)|B3|2008
1439-7358|MATEMÁTICA / PROBABILIDADE E ESTATÍSTICA|Lecture Notes in Computational Science and Engineering|B2|2008
0302-9743|MATEMÁTICA / PROBABILIDADE E ESTATÍSTICA|Lecture Notes in Computer Science|B5|2008
0075-8450|MATEMÁTICA / PROBABILIDADE E ESTATÍSTICA|Lecture Notes in Physics|B5|2008
0075-8469|MATEMÁTICA / PROBABILIDADE E ESTATÍSTICA|Lecture Notes in Pure and Applied Mathematics|B5|2008
0930-0325|MATEMÁTICA / PROBABILIDADE E ESTATÍSTICA|Lecture Notes in Statistics (Berlin, West)|B5|2008
0377-9017|MATEMÁTICA / PROBABILIDADE E ESTATÍSTICA|Letters in Mathematical Physics|B1|2008
1380-7870|MATEMÁTICA / PROBABILIDADE E ESTATÍSTICA|Lifetime Data Analysis|B2|2008
0024-3795|MATEMÁTICA / PROBABILIDADE E ESTATÍSTICA|Linear Algebra and its Applications|B1|2008
0308-1087|MATEMÁTICA / PROBABILIDADE E ESTATÍSTICA|Linear and Multilinear Algebra|B1|2008
1368-9894|MATEMÁTICA / PROBABILIDADE E ESTATÍSTICA|Logic Journal of the IGPL (Online)|B1|2008
1367-0751|MATEMÁTICA / PROBABILIDADE E ESTATÍSTICA|Logic Journal of the IGPL (Print)|B1|2008
1661-8297|MATEMÁTICA / PROBABILIDADE E ESTATÍSTICA|Logica Universalis (Print)|B5|2008
0025-2611|MATEMÁTICA / PROBABILIDADE E ESTATÍSTICA|Manuscripta Mathematica|B1|2008
0025-326X|MATEMÁTICA / PROBABILIDADE E ESTATÍSTICA|Marine Pollution Bulletin.|B1|2008
1024-2953|MATEMÁTICA / PROBABILIDADE E ESTATÍSTICA|Markov Processes and Related Fields|B1|2008
0103-9059|MATEMÁTICA / PROBABILIDADE E ESTATÍSTICA|Matematica Contemporanea|B2|2008
0120-6788|MATEMÁTICA / PROBABILIDADE E ESTATÍSTICA|Matematica Enseñanza Universitaria|B5|2008
0102-8545|MATEMÁTICA / PROBABILIDADE E ESTATÍSTICA|Matemática Universitária|B5|2008
0025-567X|MATEMÁTICA / PROBABILIDADE E ESTATÍSTICA|Matematicheskie Zametki|B5|2008
1516-1439|MATEMÁTICA / PROBABILIDADE E ESTATÍSTICA|Materials Research (São Carlos. Impresso)|B3|2008
0205-3217|MATEMÁTICA / PROBABILIDADE E ESTATÍSTICA|Mathematica Balkanica (Sofiâ)|B5|2008
0862-7959|MATEMÁTICA / PROBABILIDADE E ESTATÍSTICA|Mathematica Bohemica|B4|2008
0025-5521|MATEMÁTICA / PROBABILIDADE E ESTATÍSTICA|Mathematica Scandinavica (Papirform)|B1|2008
0895-7177|MATEMÁTICA / PROBABILIDADE E ESTATÍSTICA|Mathematical and Computer Modelling|B2|2008
0025-5564|MATEMÁTICA / PROBABILIDADE E ESTATÍSTICA|Mathematical Biosciences|A2|2008
1547-1063|MATEMÁTICA / PROBABILIDADE E ESTATÍSTICA|Mathematical Biosciences and Engineering|B1|2008
1551-0018|MATEMÁTICA / PROBABILIDADE E ESTATÍSTICA|Mathematical biosciences and engineering (Online)|B5|2008
0960-1627|MATEMÁTICA / PROBABILIDADE E ESTATÍSTICA|Mathematical Finance (Print)|A1|2008
1874-8961|MATEMÁTICA / PROBABILIDADE E ESTATÍSTICA|Mathematical Geosciences (Print)|B1|2008
1331-4343|MATEMÁTICA / PROBABILIDADE E ESTATÍSTICA|Mathematical Inequalities & Applications|B2|2008
0030-1566|MATEMÁTICA / PROBABILIDADE E ESTATÍSTICA|Mathematical Journal of Okayama University|B5|2008
1477-8602|MATEMÁTICA / PROBABILIDADE E ESTATÍSTICA|Mathematical medicine and biology (Online)|B1|2008
1477-8599|MATEMÁTICA / PROBABILIDADE E ESTATÍSTICA|Mathematical Medicine and Biology (Print)|B1|2008
0170-4214|MATEMÁTICA / PROBABILIDADE E ESTATÍSTICA|Mathematical Methods in the Applied Sciences|B1|2008
1432-2994|MATEMÁTICA / PROBABILIDADE E ESTATÍSTICA|Mathematical Methods of Operations Research (Heidelberg)|B1|2008
1066-5307|MATEMÁTICA / PROBABILIDADE E ESTATÍSTICA|Mathematical methods of statistics|B4|2008
0218-2025|MATEMÁTICA / PROBABILIDADE E ESTATÍSTICA|Mathematical Models and Methods in Applied Sciences|A2|2008
1385-0172|MATEMÁTICA / PROBABILIDADE E ESTATÍSTICA|Mathematical Physics, Analysis and Geometry|B3|2008
0889-8480|MATEMÁTICA / PROBABILIDADE E ESTATÍSTICA|Mathematical Population Studies|B5|2008
1024-123X|MATEMÁTICA / PROBABILIDADE E ESTATÍSTICA|Mathematical Problems in Engineering (Print)|B3|2008
0305-0041|MATEMÁTICA / PROBABILIDADE E ESTATÍSTICA|Mathematical Proceedings of the Cambridge Philosophical Society (Print)|B1|2008
1393-7197|MATEMÁTICA / PROBABILIDADE E ESTATÍSTICA|Mathematical Proceedings of the Royal Irish Academy|B4|2008
0025-5610|MATEMÁTICA / PROBABILIDADE E ESTATÍSTICA|Mathematical Programming|A1|2008
1073-2780|MATEMÁTICA / PROBABILIDADE E ESTATÍSTICA|Mathematical Research Letters|A2|2008
0165-4896|MATEMÁTICA / PROBABILIDADE E ESTATÍSTICA|Mathematical Social Sciences|B3|2008
0378-4754|MATEMÁTICA / PROBABILIDADE E ESTATÍSTICA|Mathematics and Computers in Simulation (Print)|B2|2008
0025-5718|MATEMÁTICA / PROBABILIDADE E ESTATÍSTICA|Mathematics of Computation|A1|2008
0364-765X|MATEMÁTICA / PROBABILIDADE E ESTATÍSTICA|Mathematics of Operations Research|A1|2008
0987-6936|MATEMÁTICA / PROBABILIDADE E ESTATÍSTICA|Mathématiques et Sciences Humaines (2000)|B5|2008
0025-5831|MATEMÁTICA / PROBABILIDADE E ESTATÍSTICA|Mathematische Annalen|A1|2008
0025-584X|MATEMÁTICA / PROBABILIDADE E ESTATÍSTICA|Mathematische Nachrichten|B1|2008
0025-5874|MATEMÁTICA / PROBABILIDADE E ESTATÍSTICA|Mathematische Zeitschrift|A2|2008
0378-5122|MATEMÁTICA / PROBABILIDADE E ESTATÍSTICA|Maturitas (Amsterdam)|B1|2008
1572-9648|MATEMÁTICA / PROBABILIDADE E ESTATÍSTICA|Meccanica (Dordrecht. Online)|B5|2008
0025-6455|MATEMÁTICA / PROBABILIDADE E ESTATÍSTICA|Meccanica (Milano. Print)|B3|2008
0093-6413|MATEMÁTICA / PROBABILIDADE E ESTATÍSTICA|Mechanics Research Communications|B2|2008
1660-5446|MATEMÁTICA / PROBABILIDADE E ESTATÍSTICA|Mediterranean Journal of Mathematics (Print)|B4|2008
0065-9266|MATEMÁTICA / PROBABILIDADE E ESTATÍSTICA|Memoirs of the American Mathematical Society|A1|2008
1350-4827|MATEMÁTICA / PROBABILIDADE E ESTATÍSTICA|Meteorological Applications (Print)|B2|2008
1387-5841|MATEMÁTICA / PROBABILIDADE E ESTATÍSTICA|Methodology and Computing in Applied Probability (Print)|B3|2008
1073-2772|MATEMÁTICA / PROBABILIDADE E ESTATÍSTICA|Methods and Applications of Analysis|B2|2008
0860-8229|MATEMÁTICA / PROBABILIDADE E ESTATÍSTICA|Metrologia i Systemy Pomiarowe / Metrology and Measuring Systems|B5|2008
1424-9286|MATEMÁTICA / PROBABILIDADE E ESTATÍSTICA|Milan Journal of Mathematics (Printed ed.)|B3|2008
1574-1699|MATEMÁTICA / PROBABILIDADE E ESTATÍSTICA|Model Assisted Statistics and Applications|B5|2008
0764-583X|MATEMÁTICA / PROBABILIDADE E ESTATÍSTICA|Modélisation Mathématique et Analyse Numérique (Imprimé)|B1|2008
0217-7323|MATEMÁTICA / PROBABILIDADE E ESTATÍSTICA|Modern Physics Letters A|B2|2008
0217-9849|MATEMÁTICA / PROBABILIDADE E ESTATÍSTICA|Modern Physics Letters B|B5|2008
0166-6851|MATEMÁTICA / PROBABILIDADE E ESTATÍSTICA|Molecular and Biochemical Parasitology (Print)|B2|2008
0950-382X|MATEMÁTICA / PROBABILIDADE E ESTATÍSTICA|Molecular Microbiology (Print)|A1|2008
0026-9255|MATEMÁTICA / PROBABILIDADE E ESTATÍSTICA|Monatshefte fur Mathematik (Print)|B2|2008
0035-8711|MATEMÁTICA / PROBABILIDADE E ESTATÍSTICA|Monthly Notices of the Royal Astronomical Society (Print)|A2|2008
1609-4514|MATEMÁTICA / PROBABILIDADE E ESTATÍSTICA|Moscow Mathematical Journal (Online)|B3|2008
1086-6655|MATEMÁTICA / PROBABILIDADE E ESTATÍSTICA|MPEJ (Austin, Tex.)|B3|2008
1384-5640|MATEMÁTICA / PROBABILIDADE E ESTATÍSTICA|Multibody System Dynamics|B1|2008
1096-1879|MATEMÁTICA / PROBABILIDADE E ESTATÍSTICA|Multinational Finance Journal|B5|2008
1540-3459|MATEMÁTICA / PROBABILIDADE E ESTATÍSTICA|Multiscale Modeling & Simulation (Print)|A1|2008
0027-5107|MATEMÁTICA / PROBABILIDADE E ESTATÍSTICA|Mutation Research (Print)|A2|2008
1383-5718|MATEMÁTICA / PROBABILIDADE E ESTATÍSTICA|Mutation Research. Genetic Toxicology and Environmental Mutagenesis|B1|2008
0027-7630|MATEMÁTICA / PROBABILIDADE E ESTATÍSTICA|Nagoya Mathematical Journal|B2|2008
0931-0509|MATEMÁTICA / PROBABILIDADE E ESTATÍSTICA|Nephrology, Dialysis, Transplantation (Print)|B1|2008
1556-1801|MATEMÁTICA / PROBABILIDADE E ESTATÍSTICA|Networks and Heterogeneous Media|B3|2008
1061-5369|MATEMÁTICA / PROBABILIDADE E ESTATÍSTICA|Neural, Parallel & Scientific Computations|B4|2008
0925-2312|MATEMÁTICA / PROBABILIDADE E ESTATÍSTICA|Neurocomputing (Amsterdam)|A2|2008
1053-8119|MATEMÁTICA / PROBABILIDADE E ESTATÍSTICA|Neuroimage (Orlando, Fla. Print)|A2|2008
0304-3940|MATEMÁTICA / PROBABILIDADE E ESTATÍSTICA|Neuroscience Letters (Print)|B1|2008
0161-813X|MATEMÁTICA / PROBABILIDADE E ESTATÍSTICA|Neurotoxicology (Park Forest South)|B5|2008
1367-2630|MATEMÁTICA / PROBABILIDADE E ESTATÍSTICA|New Journal of Physics|A2|2008
1021-9722|MATEMÁTICA / PROBABILIDADE E ESTATÍSTICA|NoDEA. Nonlinear Differential Equations and Applications (Printed ed.)|B3|2008
0362-546X|MATEMÁTICA / PROBABILIDADE E ESTATÍSTICA|Nonlinear Analysis|B2|2008
1468-1218|MATEMÁTICA / PROBABILIDADE E ESTATÍSTICA|Nonlinear Analysis: Real World Applications|B2|2008
0924-090X|MATEMÁTICA / PROBABILIDADE E ESTATÍSTICA|Nonlinear Dynamics|B2|2008
1573-269X|MATEMÁTICA / PROBABILIDADE E ESTATÍSTICA|Nonlinear Dynamics (Dordrecht. Online)|B2|2008
1023-5809|MATEMÁTICA / PROBABILIDADE E ESTATÍSTICA|Nonlinear Processes in Geophysics|B1|2008
1359-8678|MATEMÁTICA / PROBABILIDADE E ESTATÍSTICA|Nonlinear Studies (Abingdon)|B5|2008
0951-7715|MATEMÁTICA / PROBABILIDADE E ESTATÍSTICA|Nonlinearity (Bristol. Print)|A2|2008
1092-0277|MATEMÁTICA / PROBABILIDADE E ESTATÍSTICA|North American Actuarial Journal|B5|2008
1123-2536|MATEMÁTICA / PROBABILIDADE E ESTATÍSTICA|Note di Matematica - Università Degli Studi di Lecce|B4|2008
1017-1398|MATEMÁTICA / PROBABILIDADE E ESTATÍSTICA|Numerical Algorithms|B2|2008
0163-0563|MATEMÁTICA / PROBABILIDADE E ESTATÍSTICA|Numerical Functional Analysis and Optimization|B2|2008
1070-5325|MATEMÁTICA / PROBABILIDADE E ESTATÍSTICA|Numerical Linear Algebra with Applications|B1|2008
0029-599X|MATEMÁTICA / PROBABILIDADE E ESTATÍSTICA|Numerische Mathematik|A1|2008
0899-9007|MATEMÁTICA / PROBABILIDADE E ESTATÍSTICA|Nutrition (Burbank, Los Angeles County, Calif.)|B2|2008
0143-2087|MATEMÁTICA / PROBABILIDADE E ESTATÍSTICA|Optimal Control Applications & Methods|B1|2008
0233-1934|MATEMÁTICA / PROBABILIDADE E ESTATÍSTICA|Optimization (Print)|B1|2008
1055-6788|MATEMÁTICA / PROBABILIDADE E ESTATÍSTICA|Optimization Methods & Software (Print)|B1|2008
1029-4937|MATEMÁTICA / PROBABILIDADE E ESTATÍSTICA|Optimization Methods and Software (Online)|B1|2008
0030-6126|MATEMÁTICA / PROBABILIDADE E ESTATÍSTICA|Osaka Journal of Mathematics|B2|2008
1941-3963|MATEMÁTICA / PROBABILIDADE E ESTATÍSTICA|Pacific Journal of Applied Mathematics|B3|2008
0030-8730|MATEMÁTICA / PROBABILIDADE E ESTATÍSTICA|Pacific Journal of Mathematics|B1|2008
1348-9151|MATEMÁTICA / PROBABILIDADE E ESTATÍSTICA|Pacific Journal of Optimization (Print)|B2|2008
1063-7192|MATEMÁTICA / PROBABILIDADE E ESTATÍSTICA|Parallel Algorithms and Applications (Print)|B5|2008
1433-7541|MATEMÁTICA / PROBABILIDADE E ESTATÍSTICA|Pattern Analysis and Applications (Print)|B3|2008
0031-3203|MATEMÁTICA / PROBABILIDADE E ESTATÍSTICA|Pattern Recognition|B1|2008
0931-041X|MATEMÁTICA / PROBABILIDADE E ESTATÍSTICA|Pediatric Nephrology (Berlin, West)|B1|2008
0100-0551|MATEMÁTICA / PROBABILIDADE E ESTATÍSTICA|Pesquisa e Planejamento Econômico (Rio de Janeiro)|B5|2008
0101-7438|MATEMÁTICA / PROBABILIDADE E ESTATÍSTICA|Pesquisa Operacional (Impresso)|B3|2008
1539-1604|MATEMÁTICA / PROBABILIDADE E ESTATÍSTICA|Pharmaceutical Statistics|B3|2008
0378-4371|MATEMÁTICA / PROBABILIDADE E ESTATÍSTICA|Physica. A (Print)|B2|2008
0167-2789|MATEMÁTICA / PROBABILIDADE E ESTATÍSTICA|Physica. D, Nonlinear Phenomena (Print)|A2|2008
1089-4918|MATEMÁTICA / PROBABILIDADE E ESTATÍSTICA|Physical Review D (Particles, Fields, Gravitation and Cosmology)|A2|2008
0031-9007|MATEMÁTICA / PROBABILIDADE E ESTATÍSTICA|Physical Review Letters (Print)|A1|2008
1050-2947|MATEMÁTICA / PROBABILIDADE E ESTATÍSTICA|Physical Review. A|A2|2008
1098-0121|MATEMÁTICA / PROBABILIDADE E ESTATÍSTICA|Physical Review. B, Condensed Matter and Materials Physics|A2|2008
1550-7998|MATEMÁTICA / PROBABILIDADE E ESTATÍSTICA|Physical Review. D, Particles, Fields, Gravitation, and Cosmology|A2|2008
1550-2376|MATEMÁTICA / PROBABILIDADE E ESTATÍSTICA|Physical Review. E, Statistical, Nonlinear and Soft Matter Physics (Online)|A2|2008
1539-3755|MATEMÁTICA / PROBABILIDADE E ESTATÍSTICA|Physical Review. E, Statistical, Nonlinear, and Soft Matter Physics (Print)|A2|2008
0836-1398|MATEMÁTICA / PROBABILIDADE E ESTATÍSTICA|Physics Essays|B5|2008
0375-9601|MATEMÁTICA / PROBABILIDADE E ESTATÍSTICA|Physics Letters. A (Print)|B2|2008
1070-6631|MATEMÁTICA / PROBABILIDADE E ESTATÍSTICA|Physics of Fluids (1994)|A2|2008
0967-3334|MATEMÁTICA / PROBABILIDADE E ESTATÍSTICA|Physiological Measurement (Print)|B3|2008
0103-4138|MATEMÁTICA / PROBABILIDADE E ESTATÍSTICA|Planejamento e Politicas Publicas|B5|2008
0032-5155|MATEMÁTICA / PROBABILIDADE E ESTATÍSTICA|Portugaliae Mathematica|B2|2008
1385-1292|MATEMÁTICA / PROBABILIDADE E ESTATÍSTICA|Positivity (Dordrecht)|B4|2008
0926-2601|MATEMÁTICA / PROBABILIDADE E ESTATÍSTICA|Potential Analysis|B1|2008
0178-8051|MATEMÁTICA / PROBABILIDADE E ESTATÍSTICA|Probability Theory and Related Fields|A1|2008
1364-5021|MATEMÁTICA / PROBABILIDADE E ESTATÍSTICA|Proceedings - Royal Society. Mathematical, Physical and Engineering Sciences (Print)|B2|2008
1617-7061|MATEMÁTICA / PROBABILIDADE E ESTATÍSTICA|Proceedings in Applied Mathematics and Mechanics|B5|2008
0002-9939|MATEMÁTICA / PROBABILIDADE E ESTATÍSTICA|Proceedings of the American Mathematical Society|A2|2008
0068-547X|MATEMÁTICA / PROBABILIDADE E ESTATÍSTICA|Proceedings of the California Academy of Sciences (1907)|B3|2008
0013-0915|MATEMÁTICA / PROBABILIDADE E ESTATÍSTICA|Proceedings of the Edinburgh Mathematical Society|B1|2008
1748-006X|MATEMÁTICA / PROBABILIDADE E ESTATÍSTICA|Proceedings of the Institution of Mechanical Engineers. Part O, Journal of risk and reliability (Print)|B5|2008
0024-6115|MATEMÁTICA / PROBABILIDADE E ESTATÍSTICA|Proceedings of the London Mathematical Society (Print)|A2|2008
0308-2105|MATEMÁTICA / PROBABILIDADE E ESTATÍSTICA|Proceedings. Section A. Mathematics|B2|2008
0103-6513|MATEMÁTICA / PROBABILIDADE E ESTATÍSTICA|Produção (São Paulo. Impresso)|B5|2008
1468-4349|MATEMÁTICA / PROBABILIDADE E ESTATÍSTICA|Progress in Computational Fluid Dynamics|B4|2008
1421-1750|MATEMÁTICA / PROBABILIDADE E ESTATÍSTICA|Progress in Nonlinear Differential Equations and their Applications|B3|2008
0149-1970|MATEMÁTICA / PROBABILIDADE E ESTATÍSTICA|Progress in Nuclear Energy (New Series)|B4|2008
1050-6977|MATEMÁTICA / PROBABILIDADE E ESTATÍSTICA|Progress in Probability|B3|2008
0716-0917|MATEMÁTICA / PROBABILIDADE E ESTATÍSTICA|Proyecciones (Antofagasta. Impresa)|B5|2008
0325-7223|MATEMÁTICA / PROBABILIDADE E ESTATÍSTICA|Proyecciones. Serie: Políticas y Hechos Educativos|B5|2008
1860-0980|MATEMÁTICA / PROBABILIDADE E ESTATÍSTICA|Psychometrika (Internet)|B4|2008
1368-9800|MATEMÁTICA / PROBABILIDADE E ESTATÍSTICA|Public Health Nutrition (Wallingford)|B1|2008
0797-1443|MATEMÁTICA / PROBABILIDADE E ESTATÍSTICA|Publicaciones Matemáticas del Uruguay|B4|2008
0214-1493|MATEMÁTICA / PROBABILIDADE E ESTATÍSTICA|Publicacions Matemàtiques|B2|2008
0033-3883|MATEMÁTICA / PROBABILIDADE E ESTATÍSTICA|Publicationes Mathematicae (Debrecen)|B2|2008
0004-6264|MATEMÁTICA / PROBABILIDADE E ESTATÍSTICA|Publications of the Astronomical Society of Japan|B2|2008
0034-5318|MATEMÁTICA / PROBABILIDADE E ESTATÍSTICA|Publications of the Research Institute for Mathematical Sciences|B1|2008
1607-3606|MATEMÁTICA / PROBABILIDADE E ESTATÍSTICA|Quaestiones Mathematicae (Grahamstown. Print)|B3|2008
1575-5460|MATEMÁTICA / PROBABILIDADE E ESTATÍSTICA|Qualitative Theory of Dynamical Systems|B2|2008
0748-8017|MATEMÁTICA / PROBABILIDADE E ESTATÍSTICA|Quality and Reliability Engineering International (Print)|B3|2008
0898-2112|MATEMÁTICA / PROBABILIDADE E ESTATÍSTICA|Quality Engineering|B3|2008
1469-7688|MATEMÁTICA / PROBABILIDADE E ESTATÍSTICA|Quantitative Finance (Print)|B1|2008
1533-7146|MATEMÁTICA / PROBABILIDADE E ESTATÍSTICA|Quantum Information & Computation|A1|2008
0033-5606|MATEMÁTICA / PROBABILIDADE E ESTATÍSTICA|Quarterly Journal of Mathematics|B2|2008
1464-3847|MATEMÁTICA / PROBABILIDADE E ESTATÍSTICA|Quarterly Journal of Mathematics (Online)|B2|2008
0033-569X|MATEMÁTICA / PROBABILIDADE E ESTATÍSTICA|Quarterly of Applied Mathematics|B2|2008
1561-2848|MATEMÁTICA / PROBABILIDADE E ESTATÍSTICA|Quasigroups and related systems|B5|2008
0918-4732|MATEMÁTICA / PROBABILIDADE E ESTATÍSTICA|Questions and Answers in General Topology|B5|2008
0926-6364|MATEMÁTICA / PROBABILIDADE E ESTATÍSTICA|Random Operators and Stochastic Equations (Print)|B5|2008
1042-9832|MATEMÁTICA / PROBABILIDADE E ESTATÍSTICA|Random Structures & Algorithms (Print)|A2|2008
0147-1937|MATEMÁTICA / PROBABILIDADE E ESTATÍSTICA|Real Analysis Exchange|B3|2008
1560-3547|MATEMÁTICA / PROBABILIDADE E ESTATÍSTICA|Regular and Chaotic Dynamics|B3|2008
0951-8320|MATEMÁTICA / PROBABILIDADE E ESTATÍSTICA|Reliability Engineering & Systems Safety|B1|2008
0370-4467|MATEMÁTICA / PROBABILIDADE E ESTATÍSTICA|REM. Revista Escola de Minas (Impresso)|B4|2008
0009-725X|MATEMÁTICA / PROBABILIDADE E ESTATÍSTICA|Rendiconti del Circolo Matematico di Palermo (Testo stampato)|B3|2008
0373-1243|MATEMÁTICA / PROBABILIDADE E ESTATÍSTICA|Rendiconti del Seminario Matematico (Torino)|B5|2008
0041-8994|MATEMÁTICA / PROBABILIDADE E ESTATÍSTICA|Rendiconti del Seminario Matematico dell'Università di Padova|B3|2008
0049-4704|MATEMÁTICA / PROBABILIDADE E ESTATÍSTICA|Rendiconti dell'Istituto di Matematica dell'Universita di Trieste|B5|2008
1679-1916|MATEMÁTICA / PROBABILIDADE E ESTATÍSTICA|RENOTE. Revista Novas Tecnologias na Educação|B5|2008
0137-2904|MATEMÁTICA / PROBABILIDADE E ESTATÍSTICA|Reports on Mathematical Logic|B4|2008
0034-4877|MATEMÁTICA / PROBABILIDADE E ESTATÍSTICA|Reports on Mathematical Physics|B3|2008
1088-4165|MATEMÁTICA / PROBABILIDADE E ESTATÍSTICA|Representation Theory|B3|2008
1422-6383|MATEMÁTICA / PROBABILIDADE E ESTATÍSTICA|Results in Mathematics / Resultate der Mathematik|B2|2008
1983-0823|MATEMÁTICA / PROBABILIDADE E ESTATÍSTICA|Revista Brasileira de Biometria|B5|2008
0034-7140|MATEMÁTICA / PROBABILIDADE E ESTATÍSTICA|Revista Brasileira de Economia (Impresso)|B4|2008
1806-1117|MATEMÁTICA / PROBABILIDADE E ESTATÍSTICA|Revista Brasileira de Ensino de Física (Impresso)|B5|2008
1806-9126|MATEMÁTICA / PROBABILIDADE E ESTATÍSTICA|Revista Brasileira de Ensino de Física (Online)|B5|2008
1415-790X|MATEMÁTICA / PROBABILIDADE E ESTATÍSTICA|Revista Brasileira de Epidemiologia (Impresso)|B4|2008
0034-7175|MATEMÁTICA / PROBABILIDADE E ESTATÍSTICA|Revista Brasileira de Estatística|B5|2008
1679-0731|MATEMÁTICA / PROBABILIDADE E ESTATÍSTICA|Revista Brasileira de Finanças (Impresso)|B5|2008
0102-261X|MATEMÁTICA / PROBABILIDADE E ESTATÍSTICA|Revista Brasileira de Geofísica (Impresso)|B2|2008
1519-955X|MATEMÁTICA / PROBABILIDADE E ESTATÍSTICA|Revista Brasileira de História da Matemática|B3|2008
0102-7786|MATEMÁTICA / PROBABILIDADE E ESTATÍSTICA|Revista Brasileira de Meteorologia (Impresso)|B4|2008
1806-9312|MATEMÁTICA / PROBABILIDADE E ESTATÍSTICA|Revista Brasileira de Otorrinolaringologia (Online)|B5|2008
0103-0752|MATEMÁTICA / PROBABILIDADE E ESTATÍSTICA|Revista Brasileira de Probabilidade e Estatística|B2|2008
1516-4446|MATEMÁTICA / PROBABILIDADE E ESTATÍSTICA|Revista Brasileira de Psiquiatria (São Paulo. 1999. Impresso)|B4|2008
1677-9649|MATEMÁTICA / PROBABILIDADE E ESTATÍSTICA|Revista Ciência e Tecnologia|B5|2008
1518-0352|MATEMÁTICA / PROBABILIDADE E ESTATÍSTICA|Revista Ciências Exatas e Naturais (Impresso)|B5|2008
1657-2831|MATEMÁTICA / PROBABILIDADE E ESTATÍSTICA|Revista Colombiana de Computacion|B5|2008
0120-1751|MATEMÁTICA / PROBABILIDADE E ESTATÍSTICA|Revista Colombiana de Estadistica|B5|2008
0101-7012|MATEMÁTICA / PROBABILIDADE E ESTATÍSTICA|Revista de Econometria|B3|2008
0873-4275|MATEMÁTICA / PROBABILIDADE E ESTATÍSTICA|Revista de Estatística - Instituto Nacional de Estatística|B5|2008
0103-4308|MATEMÁTICA / PROBABILIDADE E ESTATÍSTICA|Revista de Informática Teórica e Aplicada (Impresso)|B3|2008
1578-7303|MATEMÁTICA / PROBABILIDADE E ESTATÍSTICA|Revista de la Real Academia de Ciencias Exactas, Físicas y Naturales. Serie A, Matemáticas (Ed. impresa)|B5|2008
0041-6932|MATEMÁTICA / PROBABILIDADE E ESTATÍSTICA|Revista de la Unión Matemática Argentina (1968)|B5|2008
1415-5273|MATEMÁTICA / PROBABILIDADE E ESTATÍSTICA|Revista de Nutrição (Impresso)|B5|2008
1413-4969|MATEMÁTICA / PROBABILIDADE E ESTATÍSTICA|Revista de Politica Agricola|B5|2008
1518-8787|MATEMÁTICA / PROBABILIDADE E ESTATÍSTICA|Revista de Saúde Pública (Online)|B5|2008
0100-6991|MATEMÁTICA / PROBABILIDADE E ESTATÍSTICA|Revista do Colégio Brasileiro de Cirurgiões (Impresso)|B4|2008
0102-4981|MATEMÁTICA / PROBABILIDADE E ESTATÍSTICA|Revista do Professor de Matemática|B5|2008
0102-7212|MATEMÁTICA / PROBABILIDADE E ESTATÍSTICA|Revista dos Transportes Públicos|B5|2008
1548-0992|MATEMÁTICA / PROBABILIDADE E ESTATÍSTICA|Revista IEEE América Latina|B5|2008
1139-1138|MATEMÁTICA / PROBABILIDADE E ESTATÍSTICA|Revista Matemática Complutense|B3|2008
0035-001X|MATEMÁTICA / PROBABILIDADE E ESTATÍSTICA|Revista Mexicana de Física|B5|2008
1645-6726|MATEMÁTICA / PROBABILIDADE E ESTATÍSTICA|Revstat Statistical Journal|B5|2008
0263-5747|MATEMÁTICA / PROBABILIDADE E ESTATÍSTICA|Robotica (Cambridge. Print)|B1|2008
0581-572X|MATEMÁTICA / PROBABILIDADE E ESTATÍSTICA|Sankhya. Series A|B3|2008
0581-5738|MATEMÁTICA / PROBABILIDADE E ESTATÍSTICA|Sankhya. Series B|B3|2008
1982-6907|MATEMÁTICA / PROBABILIDADE E ESTATÍSTICA|São Paulo Journal of Mathematical Sciences|B4|2008
0104-1290|MATEMÁTICA / PROBABILIDADE E ESTATÍSTICA|Saúde e Sociedade (USP. Impresso)|B5|2008
0346-1238|MATEMÁTICA / PROBABILIDADE E ESTATÍSTICA|Scandinavian actuarial journal|B3|2008
0303-6898|MATEMÁTICA / PROBABILIDADE E ESTATÍSTICA|Scandinavian Journal of Statistics|A2|2008
1467-9469|MATEMÁTICA / PROBABILIDADE E ESTATÍSTICA|Scandinavian Journal of Statistics (Online)|A2|2008
0716-8446|MATEMÁTICA / PROBABILIDADE E ESTATÍSTICA|Scientia. Series A. Mathematical Sciences|B4|2008
1346-0862|MATEMÁTICA / PROBABILIDADE E ESTATÍSTICA|Scientiae Mathematicae Japonicae (Print)|B5|2008
1022-1824|MATEMÁTICA / PROBABILIDADE E ESTATÍSTICA|Selecta Mathematica, New Series (Printed ed.)|B1|2008
0037-1912|MATEMÁTICA / PROBABILIDADE E ESTATÍSTICA|Semigroup Forum|B2|2008
1679-0375|MATEMÁTICA / PROBABILIDADE E ESTATÍSTICA|Semina. Ciências Exatas e Tecnológicas (Online)|B5|2008
1136-3894|MATEMÁTICA / PROBABILIDADE E ESTATÍSTICA|Seminarios Temáticos - Instituto de Estudios con Iberoamérica y Portugal. Seminario Iberoamericano de Matemáticas|B5|2008
0747-4946|MATEMÁTICA / PROBABILIDADE E ESTATÍSTICA|Sequential Analysis|B5|2008
1310-6600|MATEMÁTICA / PROBABILIDADE E ESTATÍSTICA|Serdica Mathematical Journal|B5|2008
0927-6947|MATEMÁTICA / PROBABILIDADE E ESTATÍSTICA|Set-Valued Analysis|B2|2008
0036-1399|MATEMÁTICA / PROBABILIDADE E ESTATÍSTICA|SIAM Journal on Applied Mathematics (Print)|A1|2008
0363-0129|MATEMÁTICA / PROBABILIDADE E ESTATÍSTICA|SIAM Journal on Control and Optimization (Print)|A1|2008
1936-4954|MATEMÁTICA / PROBABILIDADE E ESTATÍSTICA|SIAM Journal on Imaging Sciences|A2|2008
0036-1410|MATEMÁTICA / PROBABILIDADE E ESTATÍSTICA|SIAM Journal on Mathematical Analysis (Print)|A1|2008
1095-7170|MATEMÁTICA / PROBABILIDADE E ESTATÍSTICA|SIAM Journal on Numerical Analysis (Online)|A1|2008
0036-1429|MATEMÁTICA / PROBABILIDADE E ESTATÍSTICA|SIAM Journal on Numerical Analysis (Print)|A1|2008
1052-6234|MATEMÁTICA / PROBABILIDADE E ESTATÍSTICA|SIAM Journal on Optimization (Print)|A1|2008
1095-7197|MATEMÁTICA / PROBABILIDADE E ESTATÍSTICA|SIAM Journal on Scientific Computing (Online)|A1|2008
0036-1445|MATEMÁTICA / PROBABILIDADE E ESTATÍSTICA|SIAM Review (Print)|A1|2008
0037-4466|MATEMÁTICA / PROBABILIDADE E ESTATÍSTICA|Siberian Mathematical Journal|B3|2008
0037-4474|MATEMÁTICA / PROBABILIDADE E ESTATÍSTICA|Sibirskij Matematiceskij Zurnal|B3|2008
0165-1684|MATEMÁTICA / PROBABILIDADE E ESTATÍSTICA|Signal Processing (Print)|B1|2008
0923-5965|MATEMÁTICA / PROBABILIDADE E ESTATÍSTICA|Signal Processing. Image Communication|B2|2008
0037-9565|MATEMÁTICA / PROBABILIDADE E ESTATÍSTICA|Societe Royale des Sciences de Liege. Bulletin|B5|2008
1696-2281|MATEMÁTICA / PROBABILIDADE E ESTATÍSTICA|Sort (Barcelona)|B5|2008
1083-0464|MATEMÁTICA / PROBABILIDADE E ESTATÍSTICA|Southwest journal of pure and applied mathematics|B5|2008
0039-0402|MATEMÁTICA / PROBABILIDADE E ESTATÍSTICA|Statistica Neerlandica (Print)|B1|2008
1017-0405|MATEMÁTICA / PROBABILIDADE E ESTATÍSTICA|Statistica Sinica|B1|2008
1544-6115|MATEMÁTICA / PROBABILIDADE E ESTATÍSTICA|Statistical applications in genetics and molecular biology|B1|2008
1387-0874|MATEMÁTICA / PROBABILIDADE E ESTATÍSTICA|Statistical Inference for Stochastic Processes|B3|2008
1572-3127|MATEMÁTICA / PROBABILIDADE E ESTATÍSTICA|Statistical Methodology|B4|2008
0972-6705|MATEMÁTICA / PROBABILIDADE E ESTATÍSTICA|Statistical Methods|B5|2008
1618-2510|MATEMÁTICA / PROBABILIDADE E ESTATÍSTICA|Statistical Methods & Applications|B4|2008
0962-2802|MATEMÁTICA / PROBABILIDADE E ESTATÍSTICA|Statistical Methods in Medical Research|B2|2008
1471-082X|MATEMÁTICA / PROBABILIDADE E ESTATÍSTICA|Statistical Modelling|B1|2008
0932-5026|MATEMÁTICA / PROBABILIDADE E ESTATÍSTICA|Statistical Papers (1988)|B2|2008
0883-4237|MATEMÁTICA / PROBABILIDADE E ESTATÍSTICA|Statistical Science|A2|2008
0167-7152|MATEMÁTICA / PROBABILIDADE E ESTATÍSTICA|Statistics & Probability Letters|B3|2008
0233-1888|MATEMÁTICA / PROBABILIDADE E ESTATÍSTICA|Statistics (Berlin)|B1|2008
0804-9173|MATEMÁTICA / PROBABILIDADE E ESTATÍSTICA|Statistics (Trondheim)|B2|2008
0960-3174|MATEMÁTICA / PROBABILIDADE E ESTATÍSTICA|Statistics and Computing|A2|2008
0277-6715|MATEMÁTICA / PROBABILIDADE E ESTATÍSTICA|Statistics in Medicine (Print)|A2|2008
1532-9356|MATEMÁTICA / PROBABILIDADE E ESTATÍSTICA|Stochastic analysis and applications (Online)|B3|2008
0736-2994|MATEMÁTICA / PROBABILIDADE E ESTATÍSTICA|Stochastic Analysis and Applications (Print)|B3|2008
1436-3240|MATEMÁTICA / PROBABILIDADE E ESTATÍSTICA|Stochastic Environmental Research and Risk Assessment (Print)|B2|2008
0972-3641|MATEMÁTICA / PROBABILIDADE E ESTATÍSTICA|Stochastic Modelling and Applications|B5|2008
1532-6349|MATEMÁTICA / PROBABILIDADE E ESTATÍSTICA|Stochastic Models|B2|2008
0304-4149|MATEMÁTICA / PROBABILIDADE E ESTATÍSTICA|Stochastic Processes and their Applications|A2|2008
1744-2516|MATEMÁTICA / PROBABILIDADE E ESTATÍSTICA|Stochastics (Abingdon. Online)|B4|2008
1744-2508|MATEMÁTICA / PROBABILIDADE E ESTATÍSTICA|Stochastics (Abingdon. Print)|B4|2008
0219-4937|MATEMÁTICA / PROBABILIDADE E ESTATÍSTICA|Stochastics and Dynamics|B1|2008
1045-1129|MATEMÁTICA / PROBABILIDADE E ESTATÍSTICA|Stochastics and Stochastics Reports (Print)|B4|2008
0039-3169|MATEMÁTICA / PROBABILIDADE E ESTATÍSTICA|Studia Geophysica et Geodaetica (Praha)|B1|2008
0039-3215|MATEMÁTICA / PROBABILIDADE E ESTATÍSTICA|Studia Logica|B2|2008
0039-3223|MATEMÁTICA / PROBABILIDADE E ESTATÍSTICA|Studia Mathematica|B2|2008
0022-2526|MATEMÁTICA / PROBABILIDADE E ESTATÍSTICA|Studies in Applied Mathematics (Cambridge)|A2|2008
1355-2198|MATEMÁTICA / PROBABILIDADE E ESTATÍSTICA|Studies in History and Philosophy of Modern Physics|B3|2008
0714-0045|MATEMÁTICA / PROBABILIDADE E ESTATÍSTICA|Survey Methodology|B3|2008
0916-5746|MATEMÁTICA / PROBABILIDADE E ESTATÍSTICA|SUT Journal of Mathematics|B5|2008
1815-0659|MATEMÁTICA / PROBABILIDADE E ESTATÍSTICA|Symmetry, Integrability and Geometry: Methods and Applications|B2|2008
0039-7857|MATEMÁTICA / PROBABILIDADE E ESTATÍSTICA|Synthese (Dordrecht)|B2|2008
0167-6911|MATEMÁTICA / PROBABILIDADE E ESTATÍSTICA|Systems & Control Letters (Print)|A2|2008
0232-9298|MATEMÁTICA / PROBABILIDADE E ESTATÍSTICA|Systems Analysis, Modelling, Simulation (Print)|B4|2008
1477-965X|MATEMÁTICA / PROBABILIDADE E ESTATÍSTICA|Technoetic Arts|B4|2008
0040-1706|MATEMÁTICA / PROBABILIDADE E ESTATÍSTICA|Technometrics|A1|2008
1415-6229|MATEMÁTICA / PROBABILIDADE E ESTATÍSTICA|Tecno-Lógica (UNISC)|B5|2008
0139-9918|MATEMÁTICA / PROBABILIDADE E ESTATÍSTICA|Tehniceskaa Akustika (Online) / Technical Acoustics|B5|2008
0280-6495|MATEMÁTICA / PROBABILIDADE E ESTATÍSTICA|Tellus. Series A, Dynamic Meteorology and Oceanography|A2|2008
0103-8338|MATEMÁTICA / PROBABILIDADE E ESTATÍSTICA|Tema (Sao Paulo. 1986)|B4|2008
1677-1966|MATEMÁTICA / PROBABILIDADE E ESTATÍSTICA|TEMA. Tendências em Matemática Aplicada e Computacional|B4|2008
1133-0686|MATEMÁTICA / PROBABILIDADE E ESTATÍSTICA|Test (Madrid)|B1|2008
0003-1305|MATEMÁTICA / PROBABILIDADE E ESTATÍSTICA|The American Statistician|A2|2008
1050-5164|MATEMÁTICA / PROBABILIDADE E ESTATÍSTICA|The Annals of Applied Probability|A2|2008
1093-6106|MATEMÁTICA / PROBABILIDADE E ESTATÍSTICA|The Asian Journal of Mathematics|A2|2008
1449-5910|MATEMÁTICA / PROBABILIDADE E ESTATÍSTICA|The Australian Journal of Mathematical Analysis and Applications|B5|2008
0746-8342|MATEMÁTICA / PROBABILIDADE E ESTATÍSTICA|The College Mathematics Journal|B5|2008
1931-1346|MATEMÁTICA / PROBABILIDADE E ESTATÍSTICA|The College Mathematics Journal (Online)|B5|2008
1077-8926|MATEMÁTICA / PROBABILIDADE E ESTATÍSTICA|The Electronic Journal of Combinatorics|B2|2008
1081-3810|MATEMÁTICA / PROBABILIDADE E ESTATÍSTICA|The Electronic Journal of Linear Algebra|B3|2008
1434-6028|MATEMÁTICA / PROBABILIDADE E ESTATÍSTICA|The European Physical Journal. B, Condensed Matter Physics (Print)|B2|2008
1951-6355|MATEMÁTICA / PROBABILIDADE E ESTATÍSTICA|The European Physical Journal. Special Topics|B5|2008
0015-0517|MATEMÁTICA / PROBABILIDADE E ESTATÍSTICA|The Fibonacci Quarterly|B3|2008
1520-3255|MATEMÁTICA / PROBABILIDADE E ESTATÍSTICA|The Journal of Alternative Investments|B3|2008
0277-0903|MATEMÁTICA / PROBABILIDADE E ESTATÍSTICA|The Journal of Asthma|B4|2008
0021-9606|MATEMÁTICA / PROBABILIDADE E ESTATÍSTICA|The Journal of Chemical Physics|B1|2008
0895-8831|MATEMÁTICA / PROBABILIDADE E ESTATÍSTICA|The Journal of Clinical Dentistry|B2|2008
1069-5869|MATEMÁTICA / PROBABILIDADE E ESTATÍSTICA|The Journal of Fourier Analysis and Applications|B1|2008
1050-6926|MATEMÁTICA / PROBABILIDADE E ESTATÍSTICA|The Journal of Geometric Analysis|A2|2008
1029-8479|MATEMÁTICA / PROBABILIDADE E ESTATÍSTICA|The Journal of High Energy Physics (Online)|A2|2008
1755-2710|MATEMÁTICA / PROBABILIDADE E ESTATÍSTICA|The Journal of Operational Risk (Online)|B5|2008
1465-1211|MATEMÁTICA / PROBABILIDADE E ESTATÍSTICA|The Journal of Risk|B3|2008
0001-4966|MATEMÁTICA / PROBABILIDADE E ESTATÍSTICA|The Journal of the Acoustical Society of America|A1|2008
0026-2285|MATEMÁTICA / PROBABILIDADE E ESTATÍSTICA|The Michigan Mathematical Journal|B2|2008
1874-1177|MATEMÁTICA / PROBABILIDADE E ESTATÍSTICA|The Open Mathematics Journal|B5|2008
|MATEMÁTICA / PROBABILIDADE E ESTATÍSTICA|The Proceeding volume in Number Theory, Geometry and Quantum Fields|B5|2008
1382-4090|MATEMÁTICA / PROBABILIDADE E ESTATÍSTICA|The Ramanujan Journal|B3|2008
0741-6261|MATEMÁTICA / PROBABILIDADE E ESTATÍSTICA|The Rand Journal of Economics|B1|2008
0035-7596|MATEMÁTICA / PROBABILIDADE E ESTATÍSTICA|The Rocky Mountain Journal of Mathematics|B3|2008
0178-2789|MATEMÁTICA / PROBABILIDADE E ESTATÍSTICA|The Visual Computer|B1|2008
1432-881X|MATEMÁTICA / PROBABILIDADE E ESTATÍSTICA|Theoretical Chemistry Accounts (Print)|B3|2008
0304-3975|MATEMÁTICA / PROBABILIDADE E ESTATÍSTICA|Theoretical Computer Science|A1|2008
0040-5809|MATEMÁTICA / PROBABILIDADE E ESTATÍSTICA|Theoretical Population Biology (Print)|B3|2008
0040-5833|MATEMÁTICA / PROBABILIDADE E ESTATÍSTICA|Theory and Decision|B3|2008
1573-7187|MATEMÁTICA / PROBABILIDADE E ESTATÍSTICA|Theory and decision (Dordrecht. Online)|B3|2008
1432-4350|MATEMÁTICA / PROBABILIDADE E ESTATÍSTICA|Theory of Computing Systems|B3|2008
0040-585X|MATEMÁTICA / PROBABILIDADE E ESTATÍSTICA|Theory of Probability and its Applications|B1|2008
0094-9000|MATEMÁTICA / PROBABILIDADE E ESTATÍSTICA|Theory of Probability and Mathematical Statistics|B5|2008
1456-2774|MATEMÁTICA / PROBABILIDADE E ESTATÍSTICA|TICSP Series|B5|2008
0040-8735|MATEMÁTICA / PROBABILIDADE E ESTATÍSTICA|Tohoku Mathematical Journal|B2|2008
0387-3870|MATEMÁTICA / PROBABILIDADE E ESTATÍSTICA|Tokyo Journal of Mathematics|B3|2008
1230-3429|MATEMÁTICA / PROBABILIDADE E ESTATÍSTICA|Topological Methods in Nonlinear Analysis|B2|2008
0040-9383|MATEMÁTICA / PROBABILIDADE E ESTATÍSTICA|Topology (Oxford)|A1|2008
0166-8641|MATEMÁTICA / PROBABILIDADE E ESTATÍSTICA|Topology and its Applications|B2|2008
0002-9947|MATEMÁTICA / PROBABILIDADE E ESTATÍSTICA|Transactions of the American Mathematical Society|A1|2008
1083-4362|MATEMÁTICA / PROBABILIDADE E ESTATÍSTICA|Transformation Groups|B2|2008
0169-3913|MATEMÁTICA / PROBABILIDADE E ESTATÍSTICA|Transport in Porous Media|B2|2008
0041-1450|MATEMÁTICA / PROBABILIDADE E ESTATÍSTICA|Transport Theory and Statistical Physics|B3|2008
0387-4982|MATEMÁTICA / PROBABILIDADE E ESTATÍSTICA|Tsukuba Journal of Mathematics|B4|2008
1300-0098|MATEMÁTICA / PROBABILIDADE E ESTATÍSTICA|Turkish journal of Mathematics|B5|2008
0041-5995|MATEMÁTICA / PROBABILIDADE E ESTATÍSTICA|Ukrainian Mathematical Journal|B3|2008
0866-7179|MATEMÁTICA / PROBABILIDADE E ESTATÍSTICA|Vietnam Journal of Mathematics|B5|2008
0049-6979|MATEMÁTICA / PROBABILIDADE E ESTATÍSTICA|Water, Air and Soil Pollution (Print)|B3|2008
0165-2125|MATEMÁTICA / PROBABILIDADE E ESTATÍSTICA|Wave Motion|A2|2008
1815-2910|MATEMÁTICA / PROBABILIDADE E ESTATÍSTICA|Zbìrnik prac' Ìnstitutu Matematiki NAN Ukraini|B4|2008
0232-2064|MATEMÁTICA / PROBABILIDADE E ESTATÍSTICA|Zeitschrift fur Analysis und Ihre Anwendungen|B3|2008
0044-2267|MATEMÁTICA / PROBABILIDADE E ESTATÍSTICA|Zeitschrift fur Angewandte Mathematik und Mechanik|B2|2008
1420-9039|MATEMÁTICA / PROBABILIDADE E ESTATÍSTICA|Zeitschrift fur Angewandte Mathematik und Physik (Electronic ed.)|B2|2008
0044-2275|MATEMÁTICA / PROBABILIDADE E ESTATÍSTICA|Zeitschrift fur Angewandte Mathematik und Physik (Printed ed.)|B2|2008
