issn|area|titulo|estrato|classificacao
1413-6090|ECONOMIA|A Economia em Revista|B5|Atualizada em 2012
0149-1423|ECONOMIA|AAPG Bulletin (Print)|B1|Atualizada em 2012
1980-4814|ECONOMIA|ABCustos (São Leopoldo, RS)|B5|Atualizada em 2012
1012-8255|ECONOMIA|Academia (Caracas)|B1|Atualizada em 2012
0001-4273|ECONOMIA|Academy of Management Journal|B5|Atualizada em 2012
0258-2678|ECONOMIA|Acción Crítica|C|Atualizada em 2012
1807-8621|ECONOMIA|Acta Scientiarum. Agronomy (Online)|B2|Atualizada em 2012
1679-7361|ECONOMIA|Acta Scientiarum. Human and Social Sciences (Impresso)|B3|Atualizada em 2012
0994-4524|ECONOMIA|Actuel Marx|B5|Atualizada em 2012
1518-9929|ECONOMIA|Adm. MADE (Universidade Estácio de Sá)|B5|Atualizada em 2012
2175-5787|ECONOMIA|Administração Pública e Gestão Social|C|Atualizada em 2012
1983-8611|ECONOMIA|Advances in Scientific and Applied Accounting|B2|Atualizada em 2012
0309-1708|ECONOMIA|Advances in Water Resources|A2|Atualizada em 2012
0742-4477|ECONOMIA|Agribusiness (New York, N.Y. Print)|B5|Atualizada em 2012
0169-5150|ECONOMIA|Agricultural Economics|B2|Atualizada em 2012
0378-3774|ECONOMIA|Agricultural Water Management (Print)|B1|Atualizada em 2012
0103-3816|ECONOMIA|Agrotrópica (Itabuna)|B4|Atualizada em 2012
1120-0413|ECONOMIA|Altreitalie (Torino)|B3|Atualizada em 2012
1809-4058|ECONOMIA|Amazônia (Banco da Amazônia. 2005)|B5|Atualizada em 2012
1980-5128|ECONOMIA|Amazônia (UFPA. 2004)|C|Atualizada em 2012
1984-6215|ECONOMIA|Amazônica: Revista de Antropologia (Impresso)|C|Atualizada em 2012
1678-8621|ECONOMIA|Ambiente Construído (Online)|B1|Atualizada em 2012
1414-753X|ECONOMIA|Ambiente e Sociedade (Campinas)|B2|Atualizada em 2012
1518-0360|ECONOMIA|Âmbito Jurídico|C|Atualizada em 2012
1405-2253|ECONOMIA|America Latina en la Historía Económica|B2|Atualizada em 2012
1130-2887|ECONOMIA|América Latina Hoy|A2|Atualizada em 2012
0002-9092|ECONOMIA|American Journal of Agricultural Economics|B1|Atualizada em 2012
1467-8276|ECONOMIA|American Journal of Agricultural Economics (Online)|B5|Atualizada em 2012
1600-6135|ECONOMIA|American Journal of Transplantation (Print)|A1|Atualizada em 2012
1506-8900|ECONOMIA|Ameryka Lacinska|B5|Atualizada em 2012
0001-3765|ECONOMIA|Anais da Academia Brasileira de Ciências (Impresso)|B2|Atualizada em 2012
1516-2680|ECONOMIA|Análise (PUCRS)|B5|Atualizada em 2012
0102-9924|ECONOMIA|Análise Econômica (UFRGS)|B3|Atualizada em 2012
2176-5456|ECONOMIA|Análise Econômica (UFRGS) on line|B3|Atualizada em 2012
1614-2446|ECONOMIA|Annals of Finance (Print)|B4|Atualizada em 2012
0254-5330|ECONOMIA|Annals of Operation Research|B2|Atualizada em 2012
0090-5364|ECONOMIA|Annals of Statistics|A2|Atualizada em 2012
0160-7383|ECONOMIA|Annals of Tourism Research|B5|Atualizada em 2012
1808-9194|ECONOMIA|Antítese (Goiânia)|B5|Atualizada em 2012
0003-6846|ECONOMIA|Applied Economics (Print)|B1|Atualizada em 2012
1350-4851|ECONOMIA|Applied Economics Letters (Print)|B2|Atualizada em 2012
1466-4305|ECONOMIA|Applied Financial Economics (Online)|B4|Atualizada em 2012
0960-3107|ECONOMIA|Applied Financial Economics (Print)|B5|Atualizada em 2012
1744-6546|ECONOMIA|Applied Financial Economics Letters (Print)|B5|Atualizada em 2012
0883-2927|ECONOMIA|Applied Geochemistry|A2|Atualizada em 2012
0066-5452|ECONOMIA|Applied Mathematical Sciences|C|Atualizada em 2012
0004-0894|ECONOMIA|Area (London 1969)|C|Atualizada em 2012
2176-9575|ECONOMIA|Argumentum (Vitória)|C|Atualizada em 2012
1808-5741|ECONOMIA|Arquiteturarevista (UNISINOS)|B3|Atualizada em 2012
0102-0935|ECONOMIA|Arquivo Brasileiro de Medicina Veterinária e Zootecnia|B5|Atualizada em 2012
0066-782X|ECONOMIA|Arquivos Brasileiros de Cardiologia (Impresso)|B5|Atualizada em 2012
1982-8004|ECONOMIA|Aurora (UNESP. Marília)|B5|Atualizada em 2012
0004-8216|ECONOMIA|Aussenwirtschaft|B2|Atualizada em 2012
1364-985X|ECONOMIA|Australian Journal of Agricultural and Resource Economics (Print)|B3|Atualizada em 2012
0103-8117|ECONOMIA|Bahia Analise & Dados|B5|Atualizada em 2012
1816-7403|ECONOMIA|Banks and Bank Systems (Print)|B5|Atualizada em 2012
1807-7692|ECONOMIA|BAR. Brazilian Administration Review|B3|Atualizada em 2012
1807-054X|ECONOMIA|Base (UNISINOS)|B4|Atualizada em 2012
1807-734X|ECONOMIA|BBR. Brazilian Business Review (Edição em português. Online)|B5|Atualizada em 2012
1808-2386|ECONOMIA|BBR. Brazilian Business Review (English Edition. Online)|C|Atualizada em 2012
1679-365X|ECONOMIA|Biomatemática (UNICAMP)|B5|Atualizada em 2012
1413-4799|ECONOMIA|Brazilian Endodontic Journal|C|Atualizada em 2012
1679-8171|ECONOMIA|Brazilian Journal of Operations and Production Management|B3|Atualizada em 2012
0103-9733|ECONOMIA|Brazilian Journal of Physics (Impresso)|B2|Atualizada em 2012
1980-2447|ECONOMIA|Brazilian Review of Econometrics|B2|Atualizada em 2012
0007-1080|ECONOMIA|British Journal of Industrial Relations (Print)|B3|Atualizada em 2012
0007-2303|ECONOMIA|Brookings Papers on Economic Activity (Print)|A2|Atualizada em 2012
0007-4918|ECONOMIA|Bulletin of Indonesian Economic Studies|B4|Atualizada em 2012
1677-6976|ECONOMIA|Caderno Virtual de Turismo (UFRJ)|B5|Atualizada em 2012
1808-3102|ECONOMIA|Cadernos de Ciências Sociais Aplicadas (UESB)|B3|Atualizada em 2012
1415-3939|ECONOMIA|Cadernos de Economia (Unochapecó. Impresso)|C|Atualizada em 2012
2175-0165|ECONOMIA|Cadernos de Economia (Unochapecó. Online)|C|Atualizada em 2012
0102-311X|ECONOMIA|Cadernos de Saúde Pública (ENSP. Impresso)|B2|Atualizada em 2012
1678-4464|ECONOMIA|Cadernos de Saúde Pública (Online)|C|Atualizada em 2012
0103-510X|ECONOMIA|Cadernos do CEAM (UnB)|B5|Atualizada em 2012
0102-9711|ECONOMIA|Cadernos do CEAS|B4|Atualizada em 2012
1809-8606|ECONOMIA|Cadernos do Desenvolvimento|B5|Atualizada em 2012
1679-3951|ECONOMIA|Cadernos EBAPE.BR (FGV)|C|Atualizada em 2012
1517-2422|ECONOMIA|Cadernos Metrópole (PUCSP)|B3|Atualizada em 2012
1676-6288|ECONOMIA|Cadernos PROLAM/USP|B5|Atualizada em 2012
1298-6046|ECONOMIA|Cahiers du Genre (Paris)|A2|Atualizada em 2012
0309-166X|ECONOMIA|Cambridge Journal of Economics|A1|Atualizada em 2012
1192-6422|ECONOMIA|Canadian Foreign Policy|B2|Atualizada em 2012
0008-4085|ECONOMIA|Canadian Journal of Economics|A2|Atualizada em 2012
0309-8168|ECONOMIA|Capital & Class|B3|Atualizada em 2012
1045-5752|ECONOMIA|Capitalism, Nature, Socialism: a journal of socialist ecology|C|Atualizada em 2012
1980-5144|ECONOMIA|Carta Social e do Trabalho|C|Atualizada em 2012
0263-6484|ECONOMIA|Cell Biochemistry and Function|B2|Atualizada em 2012
0251-2920|ECONOMIA|CEPAL Review (Print)|B2|Atualizada em 2012
0104-7760|ECONOMIA|CERNE (UFLA)|C|Atualizada em 2012
0577-5132|ECONOMIA|Challenge (White Plains)|B5|Atualizada em 2012
0960-0779|ECONOMIA|Chaos, Solitons and Fractals|B1|Atualizada em 2012
0287-6256|ECONOMIA|Chiikigaku Kenkyu|B5|Atualizada em 2012
1880-6465|ECONOMIA|Chiikigaku Kenkyuu / Studies in Regional Science (English)(Online)|B5|Atualizada em 2012
1756-137X|ECONOMIA|China Agricultural Economic Review|B5|Atualizada em 2012
1043-951X|ECONOMIA|China Economic Review|B4|Atualizada em 2012
0327-4063|ECONOMIA|Ciclos en la Historia, la Economía y la Sociedad|B5|Atualizada em 2012
1678-4561|ECONOMIA|Ciência & Saúde Coletiva (Online)|B1|Atualizada em 2012
1413-7054|ECONOMIA|Ciência e Agrotecnologia (UFLA)|B2|Atualizada em 2012
0009-6725|ECONOMIA|Ciência e Cultura|B3|Atualizada em 2012
1413-8123|ECONOMIA|Ciência e Saúde Coletiva (Impresso)|B2|Atualizada em 2012
0103-8478|ECONOMIA|Ciência Rural (UFSM. Impresso)|B3|Atualizada em 2012
0009-8558|ECONOMIA|Clay Minerals (Print)|C|Atualizada em 2012
1555-9041|ECONOMIA|Clinical Journal of the American Society of Nephrology|A2|Atualizada em 2012
0185-0601|ECONOMIA|Comercio Exterior (Ed. español. Impresa)|B5|Atualizada em 2012
0361-0918|ECONOMIA|Communications in Statistics. Simulation and Computation|B3|Atualizada em 2012
0361-0926|ECONOMIA|Communications in Statistics. Theory and Methods|B3|Atualizada em 2012
0010-4140|ECONOMIA|Comparative Political Studies|B1|Atualizada em 2012
0927-7099|ECONOMIA|Computational Economics|B4|Atualizada em 2012
0167-9473|ECONOMIA|Computational Statistics & Data Analysis (Print)|B1|Atualizada em 2012
0010-4655|ECONOMIA|Computer Physics Communications|B1|Atualizada em 2012
1992-4801|ECONOMIA|Comuniica (Ed. española. Impresa)|C|Atualizada em 2012
1958-9212|ECONOMIA|Confins (Paris)|B2|Atualizada em 2012
1984-3925|ECONOMIA|Contabilidade, Gestão e Governança|B4|Atualizada em 2012
1074-3529|ECONOMIA|Contemporary Economic Policy|B2|Atualizada em 2012
1676-6016|ECONOMIA|Contexto (UFRGS)|B5|Atualizada em 2012
0102-8529|ECONOMIA|Contexto Internacional (PUCRJ. Impresso)|B2|Atualizada em 2012
1678-2089|ECONOMIA|Contextus (Fortaleza)|B4|Atualizada em 2012
0277-5921|ECONOMIA|Contributions to Political Economy|B5|Atualizada em 2012
0120-7180|ECONOMIA|Cooperativismo y Desarrollo|C|Atualizada em 2012
1727-9232|ECONOMIA|Corporate Ownership & Control (Print)|C|Atualizada em 2012
0327-5345|ECONOMIA|Costos y Gestión|B5|Atualizada em 2012
0104-9321|ECONOMIA|Critica Marxista (São Paulo)|B2|Atualizada em 2012
1742-2043|ECONOMIA|Critical Perspectives on International Business|C|Atualizada em 2012
1518-7853|ECONOMIA|Crop Breeding and Applied Biotechnology (Impresso)|B5|Atualizada em 2012
0122-1450|ECONOMIA|Cuadernos de Desarrollo Rural|B5|Atualizada em 2012
0121-4772|ECONOMIA|Cuadernos de Economía (Santafé de Bogotá)|B5|Atualizada em 2012
0716-0046|ECONOMIA|Cuadernos de Economía (Santiago. Impresa)|B5|Atualizada em 2012
1808-2882|ECONOMIA|Custos e @gronegócio Online|B4|Atualizada em 2012
0011-5258|ECONOMIA|Dados (Rio de Janeiro. Impresso)|B2|Atualizada em 2012
0011-7242|ECONOMIA|Debates Sociais|B2|Atualizada em 2012
1853-1105|ECONOMIA|Derecho Penal Online (Argentina)|C|Atualizada em 2012
1678-1821|ECONOMIA|Desafio (Campo Grande)|C|Atualizada em 2012
1518-952X|ECONOMIA|Desenvolvimento e Meio Ambiente (UFPR)|B5|Atualizada em 2012
2176-9257|ECONOMIA|Desenvolvimento em Debate (INCT/PPED)|C|Atualizada em 2012
1678-4855|ECONOMIA|Desenvolvimento em Questão|C|Atualizada em 2012
0012-1533|ECONOMIA|Developing Economies|B3|Atualizada em 2012
1011-6370|ECONOMIA|Development (Rome)|B5|Atualizada em 2012
0012-155X|ECONOMIA|Development and Change (Print)|B3|Atualizada em 2012
0950-6764|ECONOMIA|Development Policy Review (Print)|B4|Atualizada em 2012
2175-3687|ECONOMIA|Diálogo e Interação|C|Atualizada em 2012
0101-4218|ECONOMIA|Digesto Econômico|C|Atualizada em 2012
1127-8579|ECONOMIA|Diritto & Diritti|C|Atualizada em 2012
1645-6432|ECONOMIA|e-Journal of Portuguese History|C|Atualizada em 2012
0094-5056|ECONOMIA|Eastern Economic Journal|B4|Atualizada em 2012
0012-8775|ECONOMIA|Eastern European Economics|B4|Atualizada em 2012
0921-8009|ECONOMIA|Ecological Economics (Amsterdam)|B1|Atualizada em 2012
0304-3800|ECONOMIA|Ecological Modelling|B2|Atualizada em 2012
0747-4938|ECONOMIA|Econometric Reviews|B2|Atualizada em 2012
0266-4666|ECONOMIA|Econometric Theory (Print)|A2|Atualizada em 2012
0012-9682|ECONOMIA|Econometrica (Chicago)|A1|Atualizada em 2012
1415-451X|ECONOMIA|Economia & Tecnologia (Campinas)|B5|Atualizada em 2012
1809-080X|ECONOMIA|Economia & Tecnologia (UFPR)|B5|Atualizada em 2012
1517-7580|ECONOMIA|Economia (Brasília)|B1|Atualizada em 2012
0870-3531|ECONOMIA|Economia (Lisboa)|B4|Atualizada em 2012
1529-7470|ECONOMIA|Economía (Washington, D.C.)|B3|Atualizada em 2012
1413-8050|ECONOMIA|Economia Aplicada (Impresso)|B2|Atualizada em 2012
1517-9354|ECONOMIA|Economia e Desenvolvimento (Recife)|B5|Atualizada em 2012
1414-6509|ECONOMIA|Economia e Desenvolvimento (Santa Maria)|B5|Atualizada em 2012
0104-0618|ECONOMIA|Economia e Sociedade (UNICAMP. Impresso)|B2|Atualizada em 2012
1983-1994|ECONOMIA|Economia Ensaios|B5|Atualizada em 2012
0102-2482|ECONOMIA|Economia Ensaios (UFU. Impresso)|B5|Atualizada em 2012
0873-7444|ECONOMIA|Economia Global e Gestão|B5|Atualizada em 2012
0185-0849|ECONOMIA|Economía Informa|B5|Atualizada em 2012
1120-9593|ECONOMIA|Economia Marche (Periodico)|B5|Atualizada em 2012
1984-0756|ECONOMIA|Economia Política do Desenvolvimento|C|Atualizada em 2012
1665-952X|ECONOMIA|Economia UNAM|C|Atualizada em 2012
1405-8421|ECONOMIA|Economía, Sociedad y Territorio|B2|Atualizada em 2012
0265-0665|ECONOMIA|Economic Affairs (Harlow. Print)|B5|Atualizada em 2012
2178-0587|ECONOMIA|Economic Analysis of Law Review|B2|Atualizada em 2012
1573-9414|ECONOMIA|Economic Change and Restructuring (Print)|B4|Atualizada em 2012
0013-0079|ECONOMIA|Economic Development and Cultural Change|B2|Atualizada em 2012
0891-2424|ECONOMIA|Economic Development Quarterly|B4|Atualizada em 2012
0013-0117|ECONOMIA|Economic History Review|B2|Atualizada em 2012
0095-2583|ECONOMIA|Economic Inquiry|A2|Atualizada em 2012
0858-7329|ECONOMIA|Economic Journal|B5|Atualizada em 2012
0264-9993|ECONOMIA|Economic Modelling|B3|Atualizada em 2012
1069-7225|ECONOMIA|Economic Quarterly - Federal Reserve Bank of Richmond|C|Atualizada em 2012
0013-0249|ECONOMIA|Economic Record|B3|Atualizada em 2012
0939-3625|ECONOMIA|Economic Systems|B1|Atualizada em 2012
0953-5314|ECONOMIA|Economic Systems Research (Print)|B4|Atualizada em 2012
0938-2259|ECONOMIA|Economic Theory|A1|Atualizada em 2012
0013-0419|ECONOMIA|Económica (La Plata)|B4|Atualizada em 2012
0013-0427|ECONOMIA|Economica (London. Print)|B1|Atualizada em 2012
1517-1302|ECONOMIA|Econômica (Niterói)|B4|Atualizada em 2012
1570-677X|ECONOMIA|Economics and Human Biology|B4|Atualizada em 2012
0266-2671|ECONOMIA|Economics and Philosophy|B1|Atualizada em 2012
0954-1985|ECONOMIA|Economics and Politics (Print)|B3|Atualizada em 2012
1545-2921|ECONOMIA|Economics Bulletin|B4|Atualizada em 2012
0165-1765|ECONOMIA|Economics Letters|A2|Atualizada em 2012
0272-7757|ECONOMIA|Economics of Education Review|B1|Atualizada em 2012
1435-6104|ECONOMIA|Economics of Governance (Print)|B3|Atualizada em 2012
1043-8599|ECONOMIA|Economics of Innovation and New Technology|B1|Atualizada em 2012
1864-6042|ECONOMIA|Economics. Journal Articles|C|Atualizada em 2012
0013-0494|ECONOMIA|Economie Appliquée|B2|Atualizada em 2012
0013-063X|ECONOMIA|Economist (Amsterdam)|B4|Atualizada em 2012
0308-5147|ECONOMIA|Economy and Society (Print)|B1|Atualizada em 2012
0013-3035|ECONOMIA|Ekonomicky Casopis / Journal of Economics|B2|Atualizada em 2012
1980-4245|ECONOMIA|El Periplo Sustentable|B3|Atualizada em 2012
1518-6369|ECONOMIA|Em Extensão (UFU. Impresso)|C|Atualizada em 2012
1540-496X|ECONOMIA|Emerging Markets Finance & Trade|B5|Atualizada em 2012
1566-0141|ECONOMIA|Emerging Markets Review|B2|Atualizada em 2012
0377-7332|ECONOMIA|Empirical Economics|B3|Atualizada em 2012
0360-5442|ECONOMIA|Energy (Oxford)|A2|Atualizada em 2012
0140-9883|ECONOMIA|Energy Economics|B3|Atualizada em 2012
1570-646X|ECONOMIA|Energy Efficiency (Print)|C|Atualizada em 2012
0301-4215|ECONOMIA|Energy Policy|B3|Atualizada em 2012
1517-9087|ECONOMIA|Enfoque: Reflexão Contábil (Impresso)|B2|Atualizada em 2012
1414-3984|ECONOMIA|Engenharia na Agricultura (Impresso)|B5|Atualizada em 2012
0104-4036|ECONOMIA|Ensaio (Fundação Cesgranrio. Impresso)|B2|Atualizada em 2012
0101-1723|ECONOMIA|Ensaios FEE (Impresso)|B4|Atualizada em 2012
1980-2668|ECONOMIA|Ensaios FEE (Online)|B4|Atualizada em 2012
1161-2770|ECONOMIA|Entreprises et Histoire (Paris)|B5|Atualizada em 2012
1355-770X|ECONOMIA|Environment and Development Economics (Print)|B1|Atualizada em 2012
0956-2478|ECONOMIA|Environment and Urbanization|B1|Atualizada em 2012
0924-6460|ECONOMIA|Environmental & Resource Economics (Dordrecht)|B1|Atualizada em 2012
0195-9255|ECONOMIA|Environmental Impact Assessment Review|B2|Atualizada em 2012
1364-8152|ECONOMIA|Environmental Modelling & Software|A2|Atualizada em 2012
1518-2487|ECONOMIA|Eptic (UFS)|B5|Atualizada em 2012
1669-4031|ECONOMIA|Equipo Federal del Trabajo|B4|Atualizada em 2012
2101-8413|ECONOMIA|Ergologia|C|Atualizada em 2012
0212-1867|ECONOMIA|ESIC Market|B5|Atualizada em 2012
0186-7210|ECONOMIA|Estudios Demográficos y Urbanos de El Colegio de México|B5|Atualizada em 2012
0188-6916|ECONOMIA|Estudios Economicos|B5|Atualizada em 2012
0327-5841|ECONOMIA|Estudios y Perspectivas en Turismo|B2|Atualizada em 2012
0104-7132|ECONOMIA|Estudo & Debate (UNIVATES. Impresso)|B5|Atualizada em 2012
1806-9592|ECONOMIA|Estudos Avançados (Online)|B5|Atualizada em 2012
0103-4014|ECONOMIA|Estudos Avançados (USP. Impresso)|B2|Atualizada em 2012
1413-4128|ECONOMIA|Estudos do CEPE (UNISC)|B5|Atualizada em 2012
0101-4161|ECONOMIA|Estudos Econômicos (São Paulo. Impresso)|B1|Atualizada em 2012
1414-4344|ECONOMIA|Estudos Econômicos da Construção|B5|Atualizada em 2012
1413-0580|ECONOMIA|Estudos Sociedade e Agricultura (UFRJ)|B2|Atualizada em 2012
0014-2921|ECONOMIA|European Economic Review|A1|Atualizada em 2012
0956-7925|ECONOMIA|European Journal of Applied Mathematics (Print)|A2|Atualizada em 2012
1351-847X|ECONOMIA|European Journal of Finance (Print)|B5|Atualizada em 2012
0377-2217|ECONOMIA|European Journal of Operational Research|A2|Atualizada em 2012
0304-4130|ECONOMIA|European Journal of Political Research|A2|Atualizada em 2012
0965-4313|ECONOMIA|European Planning Studies (Print)|B2|Atualizada em 2012
0165-1587|ECONOMIA|European Review of Agricultural Economics|B3|Atualizada em 2012
0295-5075|ECONOMIA|Europhysics Letters (Print)|B1|Atualizada em 2012
1349-4961|ECONOMIA|Evolutionary and Institutional Economics Review (Tokyo)|B3|Atualizada em 2012
0957-4174|ECONOMIA|Expert Systems with Applications|B1|Atualizada em 2012
0014-4983|ECONOMIA|Explorations in Economic History (Print)|B1|Atualizada em 2012
1517-8900|ECONOMIA|Faces : Revista de Administração (Belo Horizonte. Impresso)|B3|Atualizada em 2012
1677-0439|ECONOMIA|Faz Ciência (UNIOESTE. Impresso)|B5|Atualizada em 2012
0354-5180|ECONOMIA|Filomat (Univerzitet u Nishu)|B3|Atualizada em 2012
1544-6123|ECONOMIA|Finance Research Letters (Print)|C|Atualizada em 2012
1413-6619|ECONOMIA|Forum (São Paulo. 1996)|C|Atualizada em 2012
0165-0114|ECONOMIA|Fuzzy Sets and Systems|A2|Atualizada em 2012
0899-8256|ECONOMIA|Games and Economic Behavior (Print)|A1|Atualizada em 2012
1517-9699|ECONOMIA|Gênero (Niterói)|B5|Atualizada em 2012
1415-4757|ECONOMIA|Genetics and Molecular Biology (Impresso)|B2|Atualizada em 2012
2035-5556|ECONOMIA|Genus (Online): journal of population studies|C|Atualizada em 2012
1981-9021|ECONOMIA|Geo UERJ (2007)|C|Atualizada em 2012
1518-2002|ECONOMIA|Geografares: Revista do Mestrado e do Departamento de Geografia, Centro de Ciências Humanas e Naturais (UFES)|B2|Atualizada em 2012
0016-7363|ECONOMIA|Geographical Analysis|B4|Atualizada em 2012
1518-6059|ECONOMIA|Geonordeste (UFS)|B4|Atualizada em 2012
0104-530X|ECONOMIA|Gestão & Produção (UFSCAR. Impresso)|B4|Atualizada em 2012
1808-5792|ECONOMIA|Gestão & Regionalidade|B3|Atualizada em 2012
1679-1827|ECONOMIA|Gestão.Org|C|Atualizada em 2012
1569-755X|ECONOMIA|Global Trade and Customs Journal (Print)|B5|Atualizada em 2012
0952-1895|ECONOMIA|Governance (Oxford. Print)|C|Atualizada em 2012
0017-4815|ECONOMIA|Growth and Change|B4|Atualizada em 2012
0717-9952|ECONOMIA|Harvard Business Review (Santiago. Edición en español)|C|Atualizada em 2012
1057-9230|ECONOMIA|Health Economics (Print)|B1|Atualizada em 2012
1980-0185|ECONOMIA|Heera (UFJF. Online)|B5|Atualizada em 2012
0103-409X|ECONOMIA|Historia & Perspectivas (UFU)|B3|Atualizada em 2012
1808-5318|ECONOMIA|História e Economia|B5|Atualizada em 2012
1519-3314|ECONOMIA|História Econômica & História de Empresas|B4|Atualizada em 2012
1519-3861|ECONOMIA|História Unisinos|B2|Atualizada em 2012
1724-2169|ECONOMIA|History of Economic Ideas (Online)|B1|Atualizada em 2012
1122-8792|ECONOMIA|History of Economic Ideas (Testo Stampato)|B1|Atualizada em 2012
0018-2702|ECONOMIA|History of Political Economy|A1|Atualizada em 2012
0018-280X|ECONOMIA|Hitotsubashi Journal of Economics|B4|Atualizada em 2012
0018-9286|ECONOMIA|IEEE Transactions on Automatic Control (Print)|A2|Atualizada em 2012
1063-6706|ECONOMIA|IEEE Transactions on Fuzzy Systems|A2|Atualizada em 2012
1471-678X|ECONOMIA|IMA Journal of Management Mathematics (Print)|B2|Atualizada em 2012
1020-7635|ECONOMIA|IMF Staff Papers (Print)|B1|Atualizada em 2012
0103-3905|ECONOMIA|Indicadores Econômicos FEE (Impresso)|B5|Atualizada em 2012
1806-8987|ECONOMIA|Indicadores Econômicos FEE (Online)|B5|Atualizada em 2012
0019-7939|ECONOMIA|Industrial & Labor Relations Review|B1|Atualizada em 2012
0960-6491|ECONOMIA|Industrial and Corporate Change|A2|Atualizada em 2012
0019-8692|ECONOMIA|Industrial Relations Journal (London. Print)|B1|Atualizada em 2012
0100-4409|ECONOMIA|Informações Econômicas (Impresso)|B5|Atualizada em 2012
0167-6245|ECONOMIA|Information Economics and Policy|B4|Atualizada em 2012
1517-6258|ECONOMIA|Informe Econômico (UFPI)|B5|Atualizada em 2012
1676-0670|ECONOMIA|Informe Gepec (Impresso)|B5|Atualizada em 2012
1679-415X|ECONOMIA|Informe GEPEC (Online)|B5|Atualizada em 2012
1447-9338|ECONOMIA|Innovation (North Sydney)|B4|Atualizada em 2012
0167-6687|ECONOMIA|Insurance. Mathematics & Economics|B5|Atualizada em 2012
1027-5703|ECONOMIA|Integration & Trade|B2|Atualizada em 2012
1550-1949|ECONOMIA|Intelligent Systems in Accounting, Finance & Management|C|Atualizada em 2012
1518-7012|ECONOMIA|Interações (UCDB)|B3|Atualizada em 2012
1809-5844|ECONOMIA|Intercom (São Paulo. Impresso)|B3|Atualizada em 2012
1083-0898|ECONOMIA|International Advances in Economic Research|B3|Atualizada em 2012
0020-6598|ECONOMIA|International Economic Review (Philadelphia)|A1|Atualizada em 2012
1752-8232|ECONOMIA|International Journal of Accounting and Finance (Online)|C|Atualizada em 2012
1752-8224|ECONOMIA|International Journal of Accounting and Finance (Print)|C|Atualizada em 2012
1470-9511|ECONOMIA|International Journal of Automotive Technology and Management|B4|Atualizada em 2012
0218-1274|ECONOMIA|International Journal of Bifurcation and Chaos in Applied Sciences and Engineering|B1|Atualizada em 2012
1753-3627|ECONOMIA|International Journal of Business and Globalisation|C|Atualizada em 2012
1555-1296|ECONOMIA|International Journal of Business Research (Turlock)|C|Atualizada em 2012
1742-7355|ECONOMIA|International Journal of Economic Theory (Print)|B4|Atualizada em 2012
1076-9307|ECONOMIA|International Journal of Finance and Economics (Print)|B2|Atualizada em 2012
0169-2070|ECONOMIA|International Journal of Forecasting|B2|Atualizada em 2012
0020-7276|ECONOMIA|International Journal of Game Theory (Print)|A2|Atualizada em 2012
0954-7118|ECONOMIA|International Journal of Global Energy Issues|B3|Atualizada em 2012
1466-6650|ECONOMIA|International Journal of Global Environmental Issues|B2|Atualizada em 2012
1744-9936|ECONOMIA|International Journal of Green Economics (Online)|B4|Atualizada em 2012
1744-9928|ECONOMIA|International Journal of Green Economics (Print)|B4|Atualizada em 2012
0360-3199|ECONOMIA|International Journal of Hydrogen Energy|A2|Atualizada em 2012
0167-7187|ECONOMIA|International Journal of Industrial Organization|A2|Atualizada em 2012
0129-1831|ECONOMIA|International Journal of Modern Physics C|B4|Atualizada em 2012
1752-0479|ECONOMIA|International Journal of Monetary Economics and Finance (Print)|B5|Atualizada em 2012
1753-3317|ECONOMIA|International Journal of Oil, Gas and Coal Technology (Online)|B5|Atualizada em 2012
0891-1916|ECONOMIA|International Journal of Political Economy|B3|Atualizada em 2012
0925-5273|ECONOMIA|International Journal of Production Economics|A2|Atualizada em 2012
0263-7863|ECONOMIA|International Journal of Project Management|B4|Atualizada em 2012
1872-5171|ECONOMIA|International Journal of Public Theology (Print)|B2|Atualizada em 2012
1311-8080|ECONOMIA|International Journal of Pure and Applied Mathematics|B5|Atualizada em 2012
0306-8293|ECONOMIA|International Journal of Social Economics|B1|Atualizada em 2012
1555-2411|ECONOMIA|International Journal of Strategic Management|C|Atualizada em 2012
1476-5667|ECONOMIA|International Journal of Technology and Globalisation (Print)|B5|Atualizada em 2012
1474-2748|ECONOMIA|International Journal of Technology Management & Sustainable Development|B4|Atualizada em 2012
0219-0249|ECONOMIA|International Journal of Theoretical and Applied Finance|B3|Atualizada em 2012
0218-4885|ECONOMIA|International Journal of Uncertainty, Fuzziness and Knowledge-Based Systems|B3|Atualizada em 2012
1662-1387|ECONOMIA|International Public Management Review|C|Atualizada em 2012
0160-0176|ECONOMIA|International Regional Science Review|B3|Atualizada em 2012
1450-2887|ECONOMIA|International Research Journal of Finance and Economics|B5|Atualizada em 2012
0269-2171|ECONOMIA|International Review of Applied Economics|B5|Atualizada em 2012
1865-1704|ECONOMIA|International Review of Economics|B5|Atualizada em 2012
1059-0560|ECONOMIA|International Review of Economics & Finance|B4|Atualizada em 2012
1057-5219|ECONOMIA|International Review of Financial Analysis|B4|Atualizada em 2012
0144-8188|ECONOMIA|International Review of Law and Economics|B3|Atualizada em 2012
0020-8825|ECONOMIA|International Studies of Management & Organization|C|Atualizada em 2012
0969-6016|ECONOMIA|International Transactions in Operational Research|B4|Atualizada em 2012
1679-9844|ECONOMIA|InterScience Place|B5|Atualizada em 2012
1807-1384|ECONOMIA|INTERthesis (Florianópolis)|B3|Atualizada em 2012
1613-0960|ECONOMIA|INTERVENTION. European Journal of Economics and Economic Policies|B5|Atualizada em 2012
0185-1667|ECONOMIA|Investigación Económica - Facultad de Economía de la Universidad Nacional Autónoma de México|B2|Atualizada em 2012
1695-7253|ECONOMIA|Investigaciones Regionales|B4|Atualizada em 2012
1126-8042|ECONOMIA|Italian journal of pure and applied mathematics|B5|Atualizada em 2012
0021-4027|ECONOMIA|Jahrbucher fur Nationalokonomie und Statistik|B3|Atualizada em 2012
0922-1425|ECONOMIA|Japan and the World Economy|B2|Atualizada em 2012
0926-9959|ECONOMIA|JEADV. Journal of the European Academy of Dermatology and Venereology|B2|Atualizada em 2012
0932-4569|ECONOMIA|JITE. Journal of Institutional and Theoretical Economics|B3|Atualizada em 2012
1542-8710|ECONOMIA|Journal of Academy of Business and Economics|B3|Atualizada em 2012
0021-857X|ECONOMIA|Journal of Agricultural Economics|B2|Atualizada em 2012
0883-7252|ECONOMIA|Journal of Applied Econometrics (Chichester, England)|A2|Atualizada em 2012
1514-0326|ECONOMIA|Journal of Applied Economics|B5|Atualizada em 2012
0266-4763|ECONOMIA|Journal of Applied Statistics|B2|Atualizada em 2012
0378-4266|ECONOMIA|Journal of Banking & Finance (Print)|A2|Atualizada em 2012
0735-0015|ECONOMIA|Journal of Business & Economic Statistics|A1|Atualizada em 2012
0021-9487|ECONOMIA|Journal of Canadian Petroleum Technology|B1|Atualizada em 2012
0021-9886|ECONOMIA|Journal of Common Market Studies (Print)|B3|Atualizada em 2012
0147-5967|ECONOMIA|Journal of Comparative Economics (Print)|B2|Atualizada em 2012
0929-1199|ECONOMIA|Journal of Corporate Finance (Amsterdam. Print)|B2|Atualizada em 2012
0885-2545|ECONOMIA|Journal of Cultural Economics|B5|Atualizada em 2012
0304-3878|ECONOMIA|Journal of Development Economics (Print)|A2|Atualizada em 2012
0022-0388|ECONOMIA|Journal of Development Studies|B1|Atualizada em 2012
1079-2724|ECONOMIA|Journal of Dynamical and Control Systems|B2|Atualizada em 2012
0304-4076|ECONOMIA|Journal of Econometrics|A1|Atualizada em 2012
0167-2681|ECONOMIA|Journal of Economic Behavior & Organization|A2|Atualizada em 2012
0165-1889|ECONOMIA|Journal of Economic Dynamics & Control|A2|Atualizada em 2012
1381-4338|ECONOMIA|Journal of Economic Growth (Boston)|A2|Atualizada em 2012
1225-651X|ECONOMIA|Journal of Economic Integration (Seoul. Print)|B5|Atualizada em 2012
0021-3624|ECONOMIA|Journal of Economic Issues|A2|Atualizada em 2012
0022-0515|ECONOMIA|Journal of Economic Literature|A1|Atualizada em 2012
1350-178X|ECONOMIA|Journal of Economic Methodology|A1|Atualizada em 2012
0167-4870|ECONOMIA|Journal of Economic Psychology|B2|Atualizada em 2012
0144-3585|ECONOMIA|Journal of Economic Studies (Bradford)|A2|Atualizada em 2012
0022-0531|ECONOMIA|Journal of Economic Theory (Print)|A1|Atualizada em 2012
1058-6407|ECONOMIA|Journal of Economics & Management Strategy|B1|Atualizada em 2012
0148-6195|ECONOMIA|Journal of Economics and Business|B5|Atualizada em 2012
1083-9798|ECONOMIA|Journal of Emerging Markets|B2|Atualizada em 2012
0095-0696|ECONOMIA|Journal of Environmental Economics and Management (Print)|A2|Atualizada em 2012
0936-9937|ECONOMIA|Journal of Evolutionary Economics|B2|Atualizada em 2012
1359-0790|ECONOMIA|Journal of Financial Crime|B5|Atualizada em 2012
1790-4870|ECONOMIA|Journal of Financial Decision Making|C|Atualizada em 2012
0304-405X|ECONOMIA|Journal of Financial Economics|A1|Atualizada em 2012
1042-9573|ECONOMIA|Journal of Financial Intermediation (Print)|A2|Atualizada em 2012
0277-6693|ECONOMIA|Journal of Forecasting (Print)|B2|Atualizada em 2012
2070-1845|ECONOMIA|Journal of Geography and Regional Planning|B3|Atualizada em 2012
0167-6296|ECONOMIA|Journal of Health Economics|A2|Atualizada em 2012
1051-1377|ECONOMIA|Journal of Housing Economics|B2|Atualizada em 2012
1945-2829|ECONOMIA|Journal of Human Development and Capabilities|C|Atualizada em 2012
0926-6437|ECONOMIA|Journal of Income Distribution (Print)|B4|Atualizada em 2012
0022-1821|ECONOMIA|Journal of Industrial Economics (Print)|A2|Atualizada em 2012
2032-5355|ECONOMIA|Journal of Innovation Economics|C|Atualizada em 2012
1744-1374|ECONOMIA|Journal of Institutional Economics (Print)|B4|Atualizada em 2012
0260-1079|ECONOMIA|Journal of Interdisciplinary Economics|B5|Atualizada em 2012
1556-8520|ECONOMIA|Journal of International Agricultural Trade and Developments|C|Atualizada em 2012
1544-8037|ECONOMIA|Journal of International Business and Economics|B3|Atualizada em 2012
0954-1748|ECONOMIA|Journal of International Development|C|Atualizada em 2012
0022-1996|ECONOMIA|Journal of International Economics (Print)|A1|Atualizada em 2012
1555-6336|ECONOMIA|Journal of International Finance and Economics|B5|Atualizada em 2012
0261-5606|ECONOMIA|Journal of International Money and Finance|A2|Atualizada em 2012
0734-306X|ECONOMIA|Journal of Labor Economics|A2|Atualizada em 2012
0195-3613|ECONOMIA|Journal of Labor Research|B3|Atualizada em 2012
0022-216X|ECONOMIA|Journal of Latin American Studies (Print)|B1|Atualizada em 2012
8756-6222|ECONOMIA|Journal of Law, Economics, & Organization|A2|Atualizada em 2012
0164-0704|ECONOMIA|Journal of Macroeconomics|B3|Atualizada em 2012
0304-8853|ECONOMIA|Journal of Magnetism and Magnetic Materials|B3|Atualizada em 2012
0022-2380|ECONOMIA|Journal of Management Studies (Oxford. Print)|B2|Atualizada em 2012
0304-4068|ECONOMIA|Journal of Mathematical Economics (Print)|A2|Atualizada em 2012
0899-7764|ECONOMIA|Journal of Media Economics|B4|Atualizada em 2012
1091-4358|ECONOMIA|Journal of Mental Health Policy and Economics (Print Edition)|C|Atualizada em 2012
0304-3932|ECONOMIA|Journal of Monetary Economics (Print)|A1|Atualizada em 2012
1368-5201|ECONOMIA|Journal of Money Laundering Control|B3|Atualizada em 2012
0022-2879|ECONOMIA|Journal of Money, Credit and Banking|A1|Atualizada em 2012
0022-3239|ECONOMIA|Journal of Optimization Theory and Applications|B2|Atualizada em 2012
1454-4164|ECONOMIA|Journal of Optoelectronics and Advanced Materials (Print)|B3|Atualizada em 2012
0141-6421|ECONOMIA|Journal of Petroleum Geology|B2|Atualizada em 2012
0953-8984|ECONOMIA|Journal of Physics. Condensed Matter (Print)|B1|Atualizada em 2012
1742-6596|ECONOMIA|Journal of Physics. Conference Series (Online)|C|Atualizada em 2012
1742-6588|ECONOMIA|Journal of Physics. Conference Series (Print)|C|Atualizada em 2012
0276-8739|ECONOMIA|Journal of Policy Analysis and Management (Print)|B1|Atualizada em 2012
0161-8938|ECONOMIA|Journal of Policy Modeling|B3|Atualizada em 2012
0022-3808|ECONOMIA|Journal of Political Economy|A1|Atualizada em 2012
1866-802X|ECONOMIA|Journal of Politics in Latin America (Print)|B2|Atualizada em 2012
0933-1433|ECONOMIA|Journal of Population Economics|B1|Atualizada em 2012
0160-3477|ECONOMIA|Journal of Post Keynesian Economics|A1|Atualizada em 2012
0895-562X|ECONOMIA|Journal of Productivity Analysis|B2|Atualizada em 2012
1097-3923|ECONOMIA|Journal of Public Economic Theory (Print)|B1|Atualizada em 2012
0047-2727|ECONOMIA|Journal of Public Economics|A1|Atualizada em 2012
1355-2511|ECONOMIA|Journal of Quality in Maintenance Engineering|B2|Atualizada em 2012
0895-5638|ECONOMIA|Journal of Real Estate Finance and Economics|B2|Atualizada em 2012
0022-4146|ECONOMIA|Journal of Regional Science|B3|Atualizada em 2012
0922-680X|ECONOMIA|Journal of Regulatory Economics|B1|Atualizada em 2012
0895-5646|ECONOMIA|Journal of Risk and Uncertainty|B1|Atualizada em 2012
1532-060X|ECONOMIA|Journal of Software Maintenance and Evolution (Print)|B2|Atualizada em 2012
1527-0025|ECONOMIA|Journal of Sports Economics|B4|Atualizada em 2012
0094-9655|ECONOMIA|Journal of Statistical Computation and Simulation (Print)|B1|Atualizada em 2012
1742-5468|ECONOMIA|Journal of Statistical Mechanics|B1|Atualizada em 2012
0022-4715|ECONOMIA|Journal of Statistical Physics|B2|Atualizada em 2012
0378-3758|ECONOMIA|Journal of Statistical Planning and Inference (Print)|B1|Atualizada em 2012
0718-2724|ECONOMIA|Journal of Technology Management & Innovation|B5|Atualizada em 2012
0103-5053|ECONOMIA|Journal of the Brazilian Chemical Society (Impresso)|B2|Atualizada em 2012
1053-8372|ECONOMIA|Journal of the History of Economic Thought|B3|Atualizada em 2012
0889-1583|ECONOMIA|Journal of the Japanese and International Economies (Print)|B2|Atualizada em 2012
0740-3224|ECONOMIA|Journal of the Optical Society of America. B, Optical Physics|B1|Atualizada em 2012
0143-9782|ECONOMIA|Journal of Time Series Analysis (Print)|B4|Atualizada em 2012
1941-1928|ECONOMIA|Journal of Time Series Econometrics|C|Atualizada em 2012
0022-5258|ECONOMIA|Journal of Transport Economics and Policy|B2|Atualizada em 2012
0094-1190|ECONOMIA|Journal of Urban Economics (Print)|B1|Atualizada em 2012
1040-6387|ECONOMIA|Journal of Veterinary Diagnostic Investigation|B2|Atualizada em 2012
0733-9496|ECONOMIA|Journal of Water Resources Planning and Management|A2|Atualizada em 2012
1450-9636|ECONOMIA|Kragujevac Journal of Science|B5|Atualizada em 2012
0031-4773|ECONOMIA|La Pensée (Paris)|B5|Atualizada em 2012
0927-5371|ECONOMIA|Labour Economics|B1|Atualizada em 2012
0023-7639|ECONOMIA|Land Economics|B1|Atualizada em 2012
0264-8377|ECONOMIA|Land Use Policy|B1|Atualizada em 2012
1097-8526|ECONOMIA|Latin American Business Review (Binghamton, N.Y.)|B3|Atualizada em 2012
2178-4833|ECONOMIA|Latin American Journal of Business Management|B5|Atualizada em 2012
1531-426X|ECONOMIA|Latin American Politics and Society|B5|Atualizada em 2012
0023-8791|ECONOMIA|Latin American Research Review|B3|Atualizada em 2012
0265-8240|ECONOMIA|Law & Policy (Print)|C|Atualizada em 2012
1676-2789|ECONOMIA|Learning and Nonlinear Models|C|Atualizada em 2012
0075-8442|ECONOMIA|Lecture Notes in Economics and Mathematical Systems|B5|Atualizada em 2012
0362-9805|ECONOMIA|Legislative Studies Quarterly|B2|Atualizada em 2012
1415-6245|ECONOMIA|Leituras de Economia Política (UNICAMP)|B5|Atualizada em 2012
0840-7827|ECONOMIA|Liaison Énergie Francophonie|C|Atualizada em 2012
1808-3536|ECONOMIA|Liinc em Revista|B4|Atualizada em 2012
0024-3795|ECONOMIA|Linear Algebra and its Applications|B2|Atualizada em 2012
0308-1087|ECONOMIA|Linear and Multilinear Algebra|A2|Atualizada em 2012
1234-5679|ECONOMIA|Listek Debowy|C|Atualizada em 2012
1413-3024|ECONOMIA|Locus (UFJF)|B3|Atualizada em 2012
1415-854X|ECONOMIA|Lutas Sociais (PUCSP)|B4|Atualizada em 2012
1365-1005|ECONOMIA|Macroeconomic Dynamics (Print)|A2|Atualizada em 2012
1463-6786|ECONOMIA|Manchester School (1998. Print)|B2|Atualizada em 2012
1678-7684|ECONOMIA|Margem Esquerda|B4|Atualizada em 2012
0308-8839|ECONOMIA|Maritime Policy and Management|B2|Atualizada em 2012
0165-4896|ECONOMIA|Mathematical Social Sciences|B1|Atualizada em 2012
0378-4754|ECONOMIA|Mathematics and Computers in Simulation (Print)|B1|Atualizada em 2012
1698-3726|ECONOMIA|Mediterráneo Económico|B5|Atualizada em 2012
1726-8699|ECONOMIA|Mehana Zm Regula Vannâ Ekonoma Ki|C|Atualizada em 2012
1676-8329|ECONOMIA|Mercator (UFC)|B4|Atualizada em 2012
0104-0898|ECONOMIA|Metalurgia & Materiais|B3|Atualizada em 2012
0026-1386|ECONOMIA|Metroeconomica (Testo stampato)|B1|Atualizada em 2012
1431-9276|ECONOMIA|Microscopy and Microanalysis (Print)|B1|Atualizada em 2012
0098-1818|ECONOMIA|Monthly Labor Review|B2|Atualizada em 2012
0027-0520|ECONOMIA|Monthly Review (New York. 1949)|B5|Atualizada em 2012
1517-199X|ECONOMIA|Movendo Idéias (UNAMA)|B5|Atualizada em 2012
0028-0283|ECONOMIA|National Tax Journal|A2|Atualizada em 2012
0890-8575|ECONOMIA|Natural Resource Modeling|B5|Atualizada em 2012
0028-0836|ECONOMIA|Nature (London)|A2|Atualizada em 2012
0893-6080|ECONOMIA|Neural Networks|B2|Atualizada em 2012
0028-6060|ECONOMIA|New Left Review|A2|Atualizada em 2012
1356-3467|ECONOMIA|New Political Economy|B2|Atualizada em 2012
1516-9022|ECONOMIA|Nexos Econômicos (Salvador)|B5|Atualizada em 2012
0103-6351|ECONOMIA|Nova Economia (UFMG. Impresso)|B2|Atualizada em 2012
1516-6481|ECONOMIA|Novos Cadernos NAEA|B5|Atualizada em 2012
0101-3300|ECONOMIA|Novos Estudos CEBRAP (Impresso)|B2|Atualizada em 2012
0029-5515|ECONOMIA|Nuclear Fusion|A2|Atualizada em 2012
0251-3552|ECONOMIA|Nueva Sociedad|B4|Atualizada em 2012
1519-5481|ECONOMIA|O Público e o Privado (UECE)|C|Atualizada em 2012
1515-3282|ECONOMIA|Observatorio Social de América Latina|B3|Atualizada em 2012
1988-2483|ECONOMIA|Oídles (Málaga)|B4|Atualizada em 2012
1808-0235|ECONOMIA|Oikos (Rio de Janeiro)|B5|Atualizada em 2012
0101-5273|ECONOMIA|Oikos (Viçosa, Mg)|B5|Atualizada em 2012
1982-3878|ECONOMIA|Okara : Geografia em Debate (UFPB)|B5|Atualizada em 2012
1519-8693|ECONOMIA|Olam: Ciência & Tecnologia (Rio Claro. CD-Rom)|B5|Atualizada em 2012
0305-0483|ECONOMIA|Omega (Oxford)|B2|Atualizada em 2012
0923-7992|ECONOMIA|Open Economies Review|B4|Atualizada em 2012
1413-585X|ECONOMIA|Organizações & Sociedade (Impresso)|B5|Atualizada em 2012
1517-3879|ECONOMIA|Organizações Rurais e Agroindustriais (UFLA)|B5|Atualizada em 2012
1047-7039|ECONOMIA|Organization Science (Providence, R.I.)|B5|Atualizada em 2012
1516-6333|ECONOMIA|Outubro (São Paulo)|B2|Atualizada em 2012
0305-9049|ECONOMIA|Oxford Bulletin of Economics and Statistics (Print)|B1|Atualizada em 2012
1360-0818|ECONOMIA|Oxford Development Studies|B2|Atualizada em 2012
0030-7653|ECONOMIA|Oxford Economic Papers|B1|Atualizada em 2012
0266-903X|ECONOMIA|Oxford Review of Economic Policy (Print)|B1|Atualizada em 2012
1405-7425|ECONOMIA|Papeles de Población|B2|Atualizada em 2012
1056-8190|ECONOMIA|Papers in Regional Science|B4|Atualizada em 2012
1413-9375|ECONOMIA|Parcerias Estratégicas (Impresso)|B5|Atualizada em 2012
1806-700X|ECONOMIA|Patrimônio: Lazer & Turismo (UNISANTOS)|B5|Atualizada em 2012
1040-2659|ECONOMIA|Peace Review (Palo Alto, Calif.)|B3|Atualizada em 2012
1519-0412|ECONOMIA|Pensar Contábil|C|Atualizada em 2012
1478-5315|ECONOMIA|Pensions (London. 2002)|B5|Atualizada em 2012
1514-559X|ECONOMIA|Periferias (Buenos Aires)|C|Atualizada em 2012
1808-575X|ECONOMIA|Perspectiva Econômica (São Leopoldo. Online)|B5|Atualizada em 2012
0100-039X|ECONOMIA|Perspectiva Econômica (UNISINOS. Impresso)|B5|Atualizada em 2012
1980-0193|ECONOMIA|Perspectivas Contemporâneas|B5|Atualizada em 2012
1983-3733|ECONOMIA|Perspectivas em Políticas Públicas|B5|Atualizada em 2012
0101-3459|ECONOMIA|Perspectivas: Revista de Ciências Sociais (UNESP. Araraquara. Impresso)|B5|Atualizada em 2012
0102-7603|ECONOMIA|Pesquisa & Debate (PUCSP. 1985. Impresso)|B4|Atualizada em 2012
1806-9029|ECONOMIA|Pesquisa & Debate (São Paulo. 1985. Online)|B4|Atualizada em 2012
1517-6398|ECONOMIA|Pesquisa Agropecuária Tropical (Impresso)|B4|Atualizada em 2012
0100-0551|ECONOMIA|Pesquisa e Planejamento Econômico (Rio de Janeiro)|B2|Atualizada em 2012
1808-978X|ECONOMIA|Pesquisa em Debate (São Paulo. 2004)|B4|Atualizada em 2012
0101-7438|ECONOMIA|Pesquisa Operacional (Impresso)|B2|Atualizada em 2012
1984-3534|ECONOMIA|Pesquisa Operacional para o Desenvolvimento|B4|Atualizada em 2012
0101-5397|ECONOMIA|Petro & Química|C|Atualizada em 2012
1364-503X|ECONOMIA|Philosophical Transactions - Royal Society. Mathematical, Physical and Engineering Sciences (Print)|A2|Atualizada em 2012
0378-4371|ECONOMIA|Physica. A (Print)|B2|Atualizada em 2012
0921-4526|ECONOMIA|Physica. B, Condensed Matter (Print)|B4|Atualizada em 2012
0031-9007|ECONOMIA|Physical Review Letters (Print)|A2|Atualizada em 2012
1098-0121|ECONOMIA|Physical Review. B, Condensed Matter and Materials Physics|A2|Atualizada em 2012
1539-3755|ECONOMIA|Physical Review. E, Statistical, Nonlinear, and Soft Matter Physics (Print)|B1|Atualizada em 2012
0375-9601|ECONOMIA|Physics Letters. A (Print)|B2|Atualizada em 2012
1070-664X|ECONOMIA|Physics of Plasmas|B1|Atualizada em 2012
0103-4138|ECONOMIA|Planejamento e Politicas Publicas|B3|Atualizada em 2012
0717-6554|ECONOMIA|Polis (Santiago. Impresa)|B3|Atualizada em 2012
1677-4140|ECONOMIA|Política & Sociedade (Impresso)|B2|Atualizada em 2012
1518-6660|ECONOMIA|Política Externa (USP)|B2|Atualizada em 2012
1065-9129|ECONOMIA|Political Research Quarterly|B2|Atualizada em 2012
0032-3233|ECONOMIA|Politická Ekonomie|B4|Atualizada em 2012
0199-0039|ECONOMIA|Population and Environment|A2|Atualizada em 2012
0032-471X|ECONOMIA|Population Review (Print)|B5|Atualizada em 2012
1984-4352|ECONOMIA|PRACS: Revista Eletrônica de Humanidades do Curso de Ciências Sociais da UNIFAP|B5|Atualizada em 2012
1573-1618|ECONOMIA|Precision Agriculture (Online)|C|Atualizada em 2012
1517-672X|ECONOMIA|Pretexto (Belo Horizonte. Impresso)|B5|Atualizada em 2012
0301-7036|ECONOMIA|Problemas del Desarrollo|B3|Atualizada em 2012
0103-6513|ECONOMIA|Produção (São Paulo. Impresso)|B2|Atualizada em 2012
0033-1538|ECONOMIA|Prospects (Paris)|B2|Atualizada em 2012
2037-3635|ECONOMIA|PSL Quarterly Review|B3|Atualizada em 2012
0048-5829|ECONOMIA|Public Choice|B1|Atualizada em 2012
0033-524X|ECONOMIA|Quality Progress|C|Atualizada em 2012
1469-7688|ECONOMIA|Quantitative Finance (Print)|B1|Atualizada em 2012
1981-5700|ECONOMIA|RAC Eletrônica|B4|Atualizada em 2012
1415-6555|ECONOMIA|RAC. Revista de Administração Contemporânea (Impresso)|B4|Atualizada em 2012
1678-6483|ECONOMIA|RACE : Revista de Administração, Contabilidade e Economia|B5|Atualizada em 2012
1982-7334|ECONOMIA|RAD (Rio de Janeiro)|C|Atualizada em 2012
0034-7590|ECONOMIA|RAE (Impresso)|B4|Atualizada em 2012
1676-5648|ECONOMIA|RAE Eletrônica (Online)|B4|Atualizada em 2012
0102-552X|ECONOMIA|Raizes (UFPB)|B2|Atualizada em 2012
1518-6776|ECONOMIA|RAM. Revista de Administração Mackenzie (Impresso)|B3|Atualizada em 2012
1981-9951|ECONOMIA|Rama : Revista em Agronegócio e Meio Ambiente|C|Atualizada em 2012
1519-1672|ECONOMIA|RAS. Revista de Administração em Saúde|B5|Atualizada em 2012
0104-8341|ECONOMIA|RBC: Revista Brasileira de Contabilidade|C|Atualizada em 2012
1676-8000|ECONOMIA|RBEE. Revista Brasileira de Economia de Empresas|B4|Atualizada em 2012
1984-6266|ECONOMIA|RC&C. Revista de Contabilidade e Controladoria|B3|Atualizada em 2012
1808-7647|ECONOMIA|RCA. Revista de Controle e Administração|C|Atualizada em 2012
1516-1684|ECONOMIA|RDE. Revista de Desenvolvimento Econômico|B5|Atualizada em 2012
1413-2311|ECONOMIA|REAd. Revista Eletrônica de Administração (Porto Alegre. Online)|B3|Atualizada em 2012
1080-8620|ECONOMIA|Real Estate Economics|B2|Atualizada em 2012
1983-8166|ECONOMIA|REBAP. Revista Brasileira de Administração Política|B5|Atualizada em 2012
1983-8484|ECONOMIA|REBRAE. Revista Brasileira de Estratégia (Impresso)|C|Atualizada em 2012
1874-4796|ECONOMIA|Recent Patents on Computer Science|B2|Atualizada em 2012
1981-6286|ECONOMIA|RECIIS. Electronic Journal of Communication Information and Innovation in Health (English edition. Online)|B4|Atualizada em 2012
1981-6278|ECONOMIA|RECIIS. Revista Eletrônica de Comunicação, Informação & Inovação em Saúde (Edição em Português. Online)|B4|Atualizada em 2012
1984-1736|ECONOMIA|REDD - Revista Espaço de Diálogo e Desconexão|B5|Atualizada em 2012
1414-7106|ECONOMIA|Redes (Santa Cruz do Sul. Impresso)|B3|Atualizada em 2012
1982-6745|ECONOMIA|Redes (Santa Cruz do Sul. Online)|B5|Atualizada em 2012
1809-2276|ECONOMIA|REGE. Revista de Gestão USP|B3|Atualizada em 2012
0166-0462|ECONOMIA|Regional Science and Urban Economics|B1|Atualizada em 2012
1757-7802|ECONOMIA|Regional Science Policy and Practice|C|Atualizada em 2012
0034-3404|ECONOMIA|Regional Studies|B1|Atualizada em 2012
0951-8320|ECONOMIA|Reliability Engineering & Systems Safety|B1|Atualizada em 2012
0147-9121|ECONOMIA|Research in Labor Economics|B5|Atualizada em 2012
0161-7230|ECONOMIA|Research in Political Economy|B4|Atualizada em 2012
0048-7333|ECONOMIA|Research Policy|A2|Atualizada em 2012
1552-2814|ECONOMIA|Research Review (Federal Reserve Bank of Boston)|B3|Atualizada em 2012
0928-7655|ECONOMIA|Resource and Energy Economics|B2|Atualizada em 2012
0301-4207|ECONOMIA|Resources Policy|B5|Atualizada em 2012
1422-6383|ECONOMIA|Results in Mathematics / Resultate der Mathematik|B2|Atualizada em 2012
1058-7195|ECONOMIA|Review of Agricultural Economics|B1|Atualizada em 2012
1546-2609|ECONOMIA|Review of Business Research|B4|Atualizada em 2012
1363-6669|ECONOMIA|Review of Development Economics (Print)|B2|Atualizada em 2012
1094-2025|ECONOMIA|Review of Economic Dynamics (Print)|A2|Atualizada em 2012
0034-6527|ECONOMIA|Review of Economic Studies|A1|Atualizada em 2012
0889-938X|ECONOMIA|Review of Industrial Organization|B2|Atualizada em 2012
0965-7576|ECONOMIA|Review of International Economics (Print)|B1|Atualizada em 2012
0969-2290|ECONOMIA|Review of International Political Economy (Print)|B4|Atualizada em 2012
0953-8259|ECONOMIA|Review of Political Economy|A2|Atualizada em 2012
1552-8502|ECONOMIA|Review of Radical Political Economics|A2|Atualizada em 2012
0034-6764|ECONOMIA|Review of Social Economy|B3|Atualizada em 2012
1698-1359|ECONOMIA|Review of the Economic Research on Copyright Issues (Ed. impresa)|B2|Atualizada em 2012
1610-2878|ECONOMIA|Review of World Economics (2003. Print)|B1|Atualizada em 2012
1980-6965|ECONOMIA|Revista Acadêmica Observatório de Inovação do Turismo|B4|Atualizada em 2012
2178-0080|ECONOMIA|Revista Administração em Diálogo - RAD|C|Atualizada em 2012
1983-6791|ECONOMIA|Revista ADMpg (Impresso)|C|Atualizada em 2012
1983-716X|ECONOMIA|Revista Alcance (Online)|B5|Atualizada em 2012
1518-5532|ECONOMIA|Revista ANGRAD|C|Atualizada em 2012
0101-0964|ECONOMIA|Revista ANPEC|B1|Atualizada em 2012
0100-6762|ECONOMIA|Revista Árvore (Impresso)|B4|Atualizada em 2012
1516-7429|ECONOMIA|Revista Brasileira de Administração Pública e de Empresas|B5|Atualizada em 2012
1980-9735|ECONOMIA|Revista Brasileira de Agroecologia|B3|Atualizada em 2012
0100-0691|ECONOMIA|Revista Brasileira de Biblioteconomia e Documentação (Impresso)|B5|Atualizada em 2012
1983-0823|ECONOMIA|Revista Brasileira de Biometria|C|Atualizada em 2012
0102-6909|ECONOMIA|Revista Brasileira de Ciências Sociais (Impresso)|B2|Atualizada em 2012
0102-5074|ECONOMIA|Revista Brasileira de Comércio Exterior|C|Atualizada em 2012
1678-7072|ECONOMIA|Revista Brasileira de Direito Público|C|Atualizada em 2012
0034-7140|ECONOMIA|Revista Brasileira de Economia (Impresso)|B1|Atualizada em 2012
0104-303X|ECONOMIA|Revista Brasileira de Energia|B3|Atualizada em 2012
1806-1117|ECONOMIA|Revista Brasileira de Ensino de Física (Impresso)|B4|Atualizada em 2012
0034-7175|ECONOMIA|Revista Brasileira de Estatística|B5|Atualizada em 2012
0102-3098|ECONOMIA|Revista Brasileira de Estudos de População (Impresso)|B2|Atualizada em 2012
1981-3953|ECONOMIA|Revista Brasileira de Estudos Regionais e Urbanos|B4|Atualizada em 2012
1517-4115|ECONOMIA|Revista Brasileira de Estudos Urbanos e Regionais (ANPUR)|B3|Atualizada em 2012
0102-695X|ECONOMIA|Revista Brasileira de Farmacognosia (Impresso)|B3|Atualizada em 2012
1679-0731|ECONOMIA|Revista Brasileira de Finanças (Impresso)|B3|Atualizada em 2012
1806-4892|ECONOMIA|Revista Brasileira de Gestão de Negócios (São Paulo. Impresso)|B3|Atualizada em 2012
1809-239X|ECONOMIA|Revista Brasileira de Gestão e Desenvolvimento Regional|B5|Atualizada em 2012
2176-3275|ECONOMIA|Revista Brasileira de História da Ciência|C|Atualizada em 2012
1677-2504|ECONOMIA|Revista Brasileira de Inovação|B3|Atualizada em 2012
1809-2063|ECONOMIA|Revista Brasileira de Medicina Equina|B5|Atualizada em 2012
1982-6125|ECONOMIA|Revista Brasileira de Pesquisa em Turismo|B5|Atualizada em 2012
1414-381X|ECONOMIA|Revista Brasileira de Recursos Hídricos|B3|Atualizada em 2012
1808-0723|ECONOMIA|Revista Brasileira de Risco e Seguro (Online)|B5|Atualizada em 2012
1806-9290|ECONOMIA|Revista Brasileira de Zootecnia (Online)|B2|Atualizada em 2012
1516-3598|ECONOMIA|Revista Brasileira de Zootecnia / Brazilian Journal of Animal Science|B2|Atualizada em 2012
0034-737X|ECONOMIA|Revista Ceres|B5|Atualizada em 2012
1806-6690|ECONOMIA|Revista Ciência Agronômica (UFC. Online)|B4|Atualizada em 2012
1414-0896|ECONOMIA|Revista Ciências Administrativas (UNIFOR)|B4|Atualizada em 2012
1519-7077|ECONOMIA|Revista Contabilidade & Finanças (Impresso)|B3|Atualizada em 2012
1808-057X|ECONOMIA|Revista Contabilidade & Finanças (Online)|B3|Atualizada em 2012
1807-1821|ECONOMIA|Revista Contemporânea de Contabilidade (UFSC)|B4|Atualizada em 2012
1980-086X|ECONOMIA|Revista Controle|C|Atualizada em 2012
1679-2483|ECONOMIA|Revista da ABET (Impresso)|B5|Atualizada em 2012
1676-4439|ECONOMIA|Revista da ABET (Online)|B5|Atualizada em 2012
1516-1234|ECONOMIA|Revista da FAE|B5|Atualizada em 2012
1517-5405|ECONOMIA|Revista da Pesquisa & Pós-Graduação|B5|Atualizada em 2012
1415-1979|ECONOMIA|Revista da Sociedade Brasileira de Economia Política|B4|Atualizada em 2012
0101-6040|ECONOMIA|Revista DAE|C|Atualizada em 2012
0080-2107|ECONOMIA|Revista de Administração (FEA-USP)|B2|Atualizada em 2012
1677-9525|ECONOMIA|Revista de Administração (URI. Frederico Westphalen)|B4|Atualizada em 2012
1807-1937|ECONOMIA|Revista de Administração da FEAD-Minas|C|Atualizada em 2012
1983-4659|ECONOMIA|Revista de Administração da UFSM|B4|Atualizada em 2012
2176-8366|ECONOMIA|Revista de Administração e Negócios da Amazônia (Online)|B4|Atualizada em 2012
0034-7604|ECONOMIA|Revista de Administração Municipal|B5|Atualizada em 2012
0034-7612|ECONOMIA|Revista de Administração Pública (Impresso)|B2|Atualizada em 2012
0716-5927|ECONOMIA|Revista de Análisis Económico|B5|Atualizada em 2012
0103-0361|ECONOMIA|Revista de Biblioteconomia e Comunicacao (UFRGS)|C|Atualizada em 2012
0716-1417|ECONOMIA|Revista de Ciencia Política (Santiago. Impresa)|B3|Atualizada em 2012
1517-591X|ECONOMIA|Revista de Ciências Agrárias (Belém)|B5|Atualizada em 2012
1516-3865|ECONOMIA|Revista de Ciências da Administração (CAD/UFSC)|B3|Atualizada em 2012
0870-8827|ECONOMIA|Revista de Contabilidade e Finanças|B5|Atualizada em 2012
1982-6486|ECONOMIA|Revista de Contabilidade e Organizações|C|Atualizada em 2012
2179-4294|ECONOMIA|Revista de Desenvolvimento do Ceará|C|Atualizada em 2012
1413-1439|ECONOMIA|Revista de Direito Ambiental|B4|Atualizada em 2012
1518-2703|ECONOMIA|Revista de Direito Bancário do Mercado de Capitais e da Arbitragem|B5|Atualizada em 2012
1415-6318|ECONOMIA|Revista de Direito Bancário e do Mercado de Capitais|B5|Atualizada em 2012
1806-5287|ECONOMIA|Revista de Direito da Concorrência|B5|Atualizada em 2012
1678-7102|ECONOMIA|Revista de Direito Público da Economia|B5|Atualizada em 2012
1516-4179|ECONOMIA|Revista de Direito Sanitário|B5|Atualizada em 2012
1984-9729|ECONOMIA|Revista de Direito, Estado e Telecomunicações (Impresso)|B5|Atualizada em 2012
0101-7012|ECONOMIA|Revista de Econometria|B2|Atualizada em 2012
1677-4973|ECONOMIA|Revista de Economia & Relações Internacionais|B5|Atualizada em 2012
0556-5782|ECONOMIA|Revista de Economia (Curitiba)|B4|Atualizada em 2012
0797-5546|ECONOMIA|Revista de economía - Banco Central del Uruguay (Impresa)|B5|Atualizada em 2012
1981-4771|ECONOMIA|Revista de Economia Agrícola (Impresso)|C|Atualizada em 2012
1983-7747|ECONOMIA|Revista de Economia Agrícola (Online)|B5|Atualizada em 2012
1415-9848|ECONOMIA|Revista de Economia Contemporânea (Impresso)|B3|Atualizada em 2012
1809-970X|ECONOMIA|Revista de Economia da UEG. Seção Eletrônica|B5|Atualizada em 2012
1676-7608|ECONOMIA|Revista de Economia e Administração (Impresso)|B4|Atualizada em 2012
1679-1614|ECONOMIA|Revista de Economia e Agronegócio|B4|Atualizada em 2012
0103-2003|ECONOMIA|Revista de Economia e Sociologia Rural (Impresso)|B2|Atualizada em 2012
1697-9761|ECONOMIA|Revista de Economía Financiera (Ed. Impresa)|B5|Atualizada em 2012
1678-5002|ECONOMIA|Revista de Economia Mackenzie (Impresso)|B5|Atualizada em 2012
0101-3157|ECONOMIA|Revista de Economia Política (Impresso)|B1|Atualizada em 2012
1807-2674|ECONOMIA|Revista de Economia Política e História Econômica|B5|Atualizada em 2012
0034-8066|ECONOMIA|Revista de Economia y Estadistica|B5|Atualizada em 2012
1981-8610|ECONOMIA|Revista de Educação e Pesquisa em Contabilidade|B5|Atualizada em 2012
0103-2275|ECONOMIA|Revista de Estudos Economicos (USP)|B1|Atualizada em 2012
1983-5272|ECONOMIA|Revista de Estudos Paraenses|C|Atualizada em 2012
1519-504X|ECONOMIA|Revista de Estudos Sociais (UFMT)|B5|Atualizada em 2012
1519-1850|ECONOMIA|Revista de Estudos Tributários (Porto Alegre)|C|Atualizada em 2012
0102-6437|ECONOMIA|Revista de Estudos Universitárias (Sorocaba)|B5|Atualizada em 2012
1809-2640|ECONOMIA|Revista de Gestão da Tecnologia e Sistemas de Informação (Impresso)|C|Atualizada em 2012
1982-3967|ECONOMIA|Revista de Informação Contábil (UFPE)|C|Atualizada em 2012
0252-0257|ECONOMIA|Revista de la CEPAL (Impresa)|B2|Atualizada em 2012
1415-5273|ECONOMIA|Revista de Nutrição (Impresso)|B2|Atualizada em 2012
1413-4969|ECONOMIA|Revista de Politica Agricola|B5|Atualizada em 2012
2178-213X|ECONOMIA|Revista de Política, Planejamento e Gestão em Saúde|C|Atualizada em 2012
0104-8740|ECONOMIA|Revista de Politicas Publicas (UFMA)|B3|Atualizada em 2012
0101-823X|ECONOMIA|Revista de Previdência Social|C|Atualizada em 2012
0034-8910|ECONOMIA|Revista de Saúde Pública (Impresso)|B5|Atualizada em 2012
0104-4478|ECONOMIA|Revista de Sociologia e Política (UFPR. Impresso)|B2|Atualizada em 2012
1641-4713|ECONOMIA|Revista del CESLA|C|Atualizada em 2012
1646-6896|ECONOMIA|Revista del Instituto Internacional de Costos|C|Atualizada em 2012
1807-2062|ECONOMIA|Revista Desenbahia|B5|Atualizada em 2012
1415-2061|ECONOMIA|Revista do CCEI|B5|Atualizada em 2012
1517-1957|ECONOMIA|Revista do IBRAC|C|Atualizada em 2012
0034-9240|ECONOMIA|Revista do Serviço Público|C|Atualizada em 2012
1984-6606|ECONOMIA|Revista Economia & Gestão|B5|Atualizada em 2012
|ECONOMIA|Revista Economia da ANPEC|B1|Atualizada em 2012
1808-0618|ECONOMIA|Revista Economia em Debate (URCA)|C|Atualizada em 2012
0100-4956|ECONOMIA|Revista Econômica do Nordeste|B3|Atualizada em 2012
1984-3372|ECONOMIA|Revista Eletrônica de Estratégia & Negócios|B5|Atualizada em 2012
0104-026X|ECONOMIA|Revista Estudos Feministas (UFSC. Impresso)|B2|Atualizada em 2012
1677-9479|ECONOMIA|Revista Gestão & Tecnologia|B5|Atualizada em 2012
1808-0448|ECONOMIA|Revista Gestão Industrial|B5|Atualizada em 2012
1676-2584|ECONOMIA|Revista HISTEDBR On-line|B4|Atualizada em 2012
1696-294X|ECONOMIA|Revista Iberoamericana de Contabilidad de Gestión|B4|Atualizada em 2012
1390-2776|ECONOMIA|Revista Iberoamericana de Economía Ecológica|B2|Atualizada em 2012
1982-257X|ECONOMIA|Revista IDEAS|B5|Atualizada em 2012
1984-6193|ECONOMIA|Revista Ingepro : Inovação, Gestão e Produção|B5|Atualizada em 2012
1415-0921|ECONOMIA|Revista Inscrita (Rio de Janeiro)|C|Atualizada em 2012
2178-1842|ECONOMIA|Revista InterAção (UFSM)|C|Atualizada em 2012
0872-2587|ECONOMIA|Revista Internacional de Língua Portuguesa|B2|Atualizada em 2012
1518-8434|ECONOMIA|Revista Internacional de Língua Portuguesa (Pelotas)|C|Atualizada em 2012
1519-1753|ECONOMIA|Revista Jurídica da Universidade de Cuiabá|C|Atualizada em 2012
1414-4980|ECONOMIA|Revista Katálysis (Impresso)|B2|Atualizada em 2012
2175-1994|ECONOMIA|Revista Magister de Direito Ambiental e Urbanístico|C|Atualizada em 2012
0556-6916|ECONOMIA|Revista Paranaense de Desenvolvimento|B5|Atualizada em 2012
1982-2596|ECONOMIA|Revista Pensamento Contemporâneo em Administração (UFF)|B5|Atualizada em 2012
1676-1901|ECONOMIA|Revista Produção Online|B4|Atualizada em 2012
2176-7025|ECONOMIA|Revista Tempo do Mundo|C|Atualizada em 2012
1518-2290|ECONOMIA|Revista Trilhas (UNAMA)|B5|Atualizada em 2012
1645-9261|ECONOMIA|Revista Turismo & Desenvolvimento (Online)|B5|Atualizada em 2012
1984-4867|ECONOMIA|Revista Turismo em Análise|B3|Atualizada em 2012
1809-3337|ECONOMIA|Revista Universo Contábil|B5|Atualizada em 2012
1519-6178|ECONOMIA|Revista Urutágua (Online)|B5|Atualizada em 2012
0103-9989|ECONOMIA|Revista USP|B5|Atualizada em 2012
1315-3617|ECONOMIA|Revista Venezolana de Análisis de Coyuntura|B5|Atualizada em 2012
1315-6411|ECONOMIA|Revista Venezolana de Economía y Ciencias Sociales|B4|Atualizada em 2012
0373-2630|ECONOMIA|Revue d'Économie Politique (Paris)|B5|Atualizada em 2012
0180-7307|ECONOMIA|Revue d'Économie Régionale et Urbaine|B3|Atualizada em 2012
0303-240X|ECONOMIA|Revue de l'Énergie|C|Atualizada em 2012
1957-7796|ECONOMIA|Revue de la Regulation: capitalisme, institutions, pouvoirs|B5|Atualizada em 2012
1370-0731|ECONOMIA|Revue Internationale de Politique Comparée (Imprimé)|B2|Atualizada em 2012
1634-7056|ECONOMIA|Revue Sciences de Gestion|B5|Atualizada em 2012
1293-8882|ECONOMIA|Revue Tiers Monde|B2|Atualizada em 2012
1645-0264|ECONOMIA|RGE. Revista de Gestão e Economia|C|Atualizada em 2012
1981-982X|ECONOMIA|RGSA: Revista de Gestão Social e Ambiental|B5|Atualizada em 2012
1679-592X|ECONOMIA|RILA. Revista de Integração Latino-Americana|B5|Atualizada em 2012
1415-4722|ECONOMIA|Rumos (Rio de Janeiro)|C|Atualizada em 2012
0917-0553|ECONOMIA|RURDS. Review of Urban and Regional Development Studies (Print)|B4|Atualizada em 2012
1980-1998|ECONOMIA|Ruris (Campinas)|B4|Atualizada em 2012
1517-9079|ECONOMIA|RVeconomia (Rio Verde)|B5|Atualizada em 2012
1980-5160|ECONOMIA|S & G. Sistemas & Gestão|B5|Atualizada em 2012
0302-3427|ECONOMIA|Science & Public Policy (Print)|B3|Atualizada em 2012
0036-8237|ECONOMIA|Science & Society (New York, N.Y. 1936)|B3|Atualizada em 2012
0036-8075|ECONOMIA|Science (New York, N.Y.)|A2|Atualizada em 2012
0036-8156|ECONOMIA|Science and Culture: a bi-monthly journal of natural and cultural sciences|C|Atualizada em 2012
1413-9324|ECONOMIA|Scientia Forestalis (IPEF)|B2|Atualizada em 2012
1588-2861|ECONOMIA|Scientometrics (Online)|A2|Atualizada em 2012
0036-9292|ECONOMIA|Scottish Journal of Political Economy (Print)|B3|Atualizada em 2012
1138-9788|ECONOMIA|Scripta Nova (Barcelona)|B2|Atualizada em 2012
1808-8023|ECONOMIA|Segurança Alimentar e Nutricional|B5|Atualizada em 2012
1225-0279|ECONOMIA|Seoul Journal of Economics|B5|Atualizada em 2012
0101-2940|ECONOMIA|Série Estudos e Pesquisas|C|Atualizada em 2012
1679-4842|ECONOMIA|Serviço Social em Revista (Online)|B4|Atualizada em 2012
0120-4823|ECONOMIA|Signo y Pensamiento|B3|Atualizada em 2012
1809-9815|ECONOMIA|Sinais Sociais|B4|Atualizada em 2012
0921-898X|ECONOMIA|Small Business Economics|B3|Atualizada em 2012
1573-0913|ECONOMIA|Small Business Economics (Dordrecht. Online)|B5|Atualizada em 2012
0176-1714|ECONOMIA|Social Choice and Welfare|A2|Atualizada em 2012
0103-1570|ECONOMIA|Sociedade & Natureza (UFU. Impresso)|B5|Atualizada em 2012
1415-8566|ECONOMIA|Sociedade e Cultura (Impresso)|B5|Atualizada em 2012
1981-1551|ECONOMIA|Sociedade e Desenvolvimento Rural|B4|Atualizada em 2012
0102-6992|ECONOMIA|Sociedade e Estado (UnB. Impresso)|B2|Atualizada em 2012
0038-1098|ECONOMIA|Solid State Communications|B2|Atualizada em 2012
0038-4038|ECONOMIA|Southern Economic Journal|B1|Atualizada em 2012
1742-1772|ECONOMIA|Spatial Economic Analysis|B5|Atualizada em 2012
0167-7152|ECONOMIA|Statistics & Probability Letters|B2|Atualizada em 2012
0954-349X|ECONOMIA|Structural Change and Economic Dynamics|B1|Atualizada em 2012
1220-0506|ECONOMIA|Studia Universitatis Babes-Bolyai. Oeconomica|B5|Atualizada em 2012
0039-3606|ECONOMIA|Studies in Comparative International Development|B4|Atualizada em 2012
0707-8552|ECONOMIA|Studies in Political Economy|B4|Atualizada em 2012
1862-4065|ECONOMIA|Sustainability Science|B4|Atualizada em 2012
0379-6779|ECONOMIA|Synthetic Metals|B2|Atualizada em 2012
1678-3697|ECONOMIA|TD. Teoria e Debate|B4|Atualizada em 2012
0308-5961|ECONOMIA|Telecommunications Policy|B4|Atualizada em 2012
0103-2070|ECONOMIA|Tempo Social (USP. Impresso)|B2|Atualizada em 2012
1413-7704|ECONOMIA|Tempo. Revista do Departamento de História da UFF|B2|Atualizada em 2012
0104-0960|ECONOMIA|Teoria e Evidencia Economica (UPF)|B5|Atualizada em 2012
0997-5551|ECONOMIA|Terminal (Paris. 1987)|C|Atualizada em 2012
1133-0686|ECONOMIA|Test (Madrid)|A2|Atualizada em 2012
1677-9509|ECONOMIA|Textos & Contextos (Porto Alegre)|B4|Atualizada em 2012
0103-6017|ECONOMIA|Textos de Economia|B5|Atualizada em 2012
0002-8282|ECONOMIA|The American Economic Review|A1|Atualizada em 2012
1050-5164|ECONOMIA|The Annals of Applied Probability|A2|Atualizada em 2012
0570-1864|ECONOMIA|The Annals of Regional Science|B1|Atualizada em 2012
1935-1682|ECONOMIA|The B.E. Journal of Economic Analysis & Policy|B3|Atualizada em 2012
1935-1690|ECONOMIA|The B.E. Journal of Macroeconomics|B3|Atualizada em 2012
0273-3072|ECONOMIA|The Cato Journal|B5|Atualizada em 2012
1553-3832|ECONOMIA|The Economists' Voice|B4|Atualizada em 2012
1681-8997|ECONOMIA|The Empirical Economics Letters|B5|Atualizada em 2012
0195-6574|ECONOMIA|The Energy Journal (Cambridge, Mass.)|B1|Atualizada em 2012
1618-7598|ECONOMIA|The European Journal of Health Economics (Print)|B5|Atualizada em 2012
1434-6028|ECONOMIA|The European Physical Journal. B, Condensed Matter Physics (Print)|B2|Atualizada em 2012
0732-8516|ECONOMIA|The Financial Review (Buffalo, N.Y. Print)|B4|Atualizada em 2012
1096-7508|ECONOMIA|The International Food and Agribusiness Management Review|A2|Atualizada em 2012
1747-5864|ECONOMIA|The International Journal of Microsimulation|C|Atualizada em 2012
0021-9398|ECONOMIA|The Journal of Business (Chicago)|A2|Atualizada em 2012
1526-3711|ECONOMIA|The Journal of Contemporary Dental Practice|B2|Atualizada em 2012
0022-037X|ECONOMIA|The Journal of Developing Areas|B4|Atualizada em 2012
0022-0485|ECONOMIA|The Journal of Economic Education|B2|Atualizada em 2012
0022-0507|ECONOMIA|The Journal of Economic History|B1|Atualizada em 2012
0895-3309|ECONOMIA|The Journal of Economic Perspectives|A1|Atualizada em 2012
0022-1082|ECONOMIA|The Journal of Finance (New York. Print)|A1|Atualizada em 2012
0022-166X|ECONOMIA|The Journal of Human Resources|A2|Atualizada em 2012
0022-2186|ECONOMIA|The Journal of Law & Economics|A2|Atualizada em 2012
1384-1289|ECONOMIA|The Journal of Policy Reform|B2|Atualizada em 2012
1053-5357|ECONOMIA|The Journal of Socio-economics|B5|Atualizada em 2012
0033-5533|ECONOMIA|The Quarterly Journal of Economics|A1|Atualizada em 2012
1062-9769|ECONOMIA|The Quarterly Review of Economics and Finance|B3|Atualizada em 2012
0741-6261|ECONOMIA|The Rand Journal of Economics|A1|Atualizada em 2012
0034-6446|ECONOMIA|The Review of Black Political Economy|B3|Atualizada em 2012
0034-6535|ECONOMIA|The Review of Economics and Statistics|A1|Atualizada em 2012
0893-9454|ECONOMIA|The Review of Financial Studies|A1|Atualizada em 2012
0034-6586|ECONOMIA|The Review of Income and Wealth|B1|Atualizada em 2012
0486-6134|ECONOMIA|The Review of Radical Political Economics|A2|Atualizada em 2012
0347-0520|ECONOMIA|The Scandinavian Journal of Economics|B1|Atualizada em 2012
0258-6770|ECONOMIA|The World Bank Economic Review (Print)|B1|Atualizada em 2012
0257-3032|ECONOMIA|The World Bank Research Observer (Print)|B3|Atualizada em 2012
1555-7561|ECONOMIA|Theoretical Economics|B2|Atualizada em 2012
0040-747X|ECONOMIA|Tijdschrift voor Economische en Sociale Geografie / Dutch Journal of Economic and Social Geography|B4|Atualizada em 2012
1354-8166|ECONOMIA|Tourism Economics: the business and finance of tourism and recreation|B5|Atualizada em 2012
0261-5177|ECONOMIA|Tourism Management (1982)|B1|Atualizada em 2012
1808-799X|ECONOMIA|Trabalho Necessário|C|Atualizada em 2012
1678-1007|ECONOMIA|Trabalho, Educação e Saúde (Impresso)|B2|Atualizada em 2012
0965-8564|ECONOMIA|Transportation Research. Part A, Policy and Practice|A2|Atualizada em 2012
0041-3011|ECONOMIA|Trimestre Económico|B3|Atualizada em 2012
1014-370X|ECONOMIA|UNCTAD Review|B4|Atualizada em 2012
1517-1779|ECONOMIA|Universidade e Sociedade (Brasília)|B4|Atualizada em 2012
1517-9427|ECONOMIA|UNOPAR Científica. Ciências Jurídicas e Empresariais|C|Atualizada em 2012
1697-6223|ECONOMIA|Urban Public Economics Review|B5|Atualizada em 2012
2175-3369|ECONOMIA|Urbe. Revista Brasileira de Gestão Urbana|C|Atualizada em 2012
1537-1514|ECONOMIA|Usa-China Business Review. (Chinese)|C|Atualizada em 2012
0957-1787|ECONOMIA|Utilities Policy|B1|Atualizada em 2012
1984-4263|ECONOMIA|Versus : Revista de Ciências Sociais Aplicadas do CCJE/UFRJ (Impresso)|C|Atualizada em 2012
0250-8060|ECONOMIA|Water International|B1|Atualizada em 2012
0920-4741|ECONOMIA|Water Resources Management|A2|Atualizada em 2012
0043-1397|ECONOMIA|Water Resources Research|B1|Atualizada em 2012
1816-7950|ECONOMIA|Water SA (Online)|B5|Atualizada em 2012
1870-2953|ECONOMIA|Well-Being and Social Policy|B5|Atualizada em 2012
0305-750X|ECONOMIA|World Development|B1|Atualizada em 2012
0378-5920|ECONOMIA|World Economy (Print)|B2|Atualizada em 2012
0746-729X|ECONOMIA|World Mining Equipment|B3|Atualizada em 2012
